price_id,size,name
price_1Oy2RfLBvFqep6zQztiU5C9q,47,Star Path
price_1Oy2RfLBvFqep6zQFG07Bxc3,46,Star Path
price_1Oy2ReLBvFqep6zQ2wfJNRpG,45,Star Path
price_1Oy2RdLBvFqep6zQNpre35EE,44,Star Path
price_1Oy2RcLBvFqep6zQSTluE3Hc,43,Star Path
price_1Oy2RbLBvFqep6zQbqRwvmbW,42,Star Path
price_1Oy2RbLBvFqep6zQWLqGC2vt,41,Star Path
price_1Oy2RaLBvFqep6zQxgnOhmgb,40,Star Path
price_1Oy2RZLBvFqep6zQ2OlvQWVP,39,Star Path
price_1Oy2RYLBvFqep6zQ1MT02jJQ,38,Star Path
price_1Oy2RYLBvFqep6zQ8bfH2ndK,37,Star Path
price_1Oy2RXLBvFqep6zQ4LXj4rol,36,Star Path
price_1Oy2RWLBvFqep6zQLBWqH6Rn,35,Star Path
price_1Oy2RVLBvFqep6zQnYEblKMZ,34,Star Path
price_1Oy2RVLBvFqep6zQ3vPI23fI,33,Star Path
price_1Oy2RULBvFqep6zQlCaHspBB,32,Star Path
price_1Oy2RTLBvFqep6zQNmBcHrbd,47,Coca Trail
price_1Oy2RSLBvFqep6zQ9N4ODi7w,46,Coca Trail
price_1Oy2RSLBvFqep6zQWIN9J0jj,45,Coca Trail
price_1Oy2RRLBvFqep6zQbGTXK4Fm,44,Coca Trail
price_1Oy2RQLBvFqep6zQr51fK5SN,43,Coca Trail
price_1Oy2RPLBvFqep6zQkay8DGHa,42,Coca Trail
price_1Oy2ROLBvFqep6zQ6gIvgC46,41,Coca Trail
price_1Oy2ROLBvFqep6zQ0o2AgxcD,40,Coca Trail
price_1Oy2RNLBvFqep6zQTUfkxHS6,39,Coca Trail
price_1Oy2RMLBvFqep6zQqfrCx8xu,38,Coca Trail
price_1Oy2RMLBvFqep6zQjPAijOOU,37,Coca Trail
price_1Oy2RLLBvFqep6zQQadPSUpz,36,Coca Trail
price_1Oy2RKLBvFqep6zQqrZMGnwf,35,Coca Trail
price_1Oy2RJLBvFqep6zQ5zUyOoZH,34,Coca Trail
price_1Oy2RILBvFqep6zQhXryirsH,33,Coca Trail
price_1Oy2RILBvFqep6zQOB3NTlrI,32,Coca Trail
price_1Oy2RHLBvFqep6zQju7cPKCs,47,Whimsy
price_1Oy2RGLBvFqep6zQz6XmPb9Y,46,Whimsy
price_1Oy2RFLBvFqep6zQFOocgKeN,45,Whimsy
price_1Oy2RFLBvFqep6zQa15NgHDR,44,Whimsy
price_1Oy2RELBvFqep6zQwd8aBq2d,43,Whimsy
price_1Oy2RDLBvFqep6zQBMJdLLDJ,42,Whimsy
price_1Oy2RCLBvFqep6zQnlAE0aPi,41,Whimsy
price_1Oy2RCLBvFqep6zQgqKuNq8l,40,Whimsy
price_1Oy2RBLBvFqep6zQxiXPTaIu,39,Whimsy
price_1Oy2RALBvFqep6zQryZzSN0V,38,Whimsy
price_1Oy2R9LBvFqep6zQ8JvVrfC2,37,Whimsy
price_1Oy2R9LBvFqep6zQdibInjnf,36,Whimsy
price_1Oy2R8LBvFqep6zQPa5kTBbX,35,Whimsy
price_1Oy2R7LBvFqep6zQcuva8XqX,34,Whimsy
price_1Oy2R6LBvFqep6zQIygTqLAL,33,Whimsy
price_1Oy2R5LBvFqep6zQOyB3mmjW,32,Whimsy
price_1Oy2R5LBvFqep6zQWI0MZEA1,47,Undergrowth
price_1Oy2R4LBvFqep6zQJpHXq1JK,46,Undergrowth
price_1Oy2R3LBvFqep6zQnyebkdoN,45,Undergrowth
price_1Oy2R2LBvFqep6zQSnhQxw7I,44,Undergrowth
price_1Oy2R2LBvFqep6zQSucuOj4g,43,Undergrowth
price_1Oy2R1LBvFqep6zQY3Pyt1f7,42,Undergrowth
price_1Oy2R0LBvFqep6zQA8VPyoRF,41,Undergrowth
price_1Oy2QzLBvFqep6zQR4hI0fuH,40,Undergrowth
price_1Oy2QzLBvFqep6zQOoL9vCUz,39,Undergrowth
price_1Oy2QyLBvFqep6zQGOmpmnum,38,Undergrowth
price_1Oy2QxLBvFqep6zQLtZnXiec,37,Undergrowth
price_1Oy2QxLBvFqep6zQQBfzT1yq,36,Undergrowth
price_1Oy2QwLBvFqep6zQ3VXKxdtG,35,Undergrowth
price_1Oy2QvLBvFqep6zQtofyNn51,34,Undergrowth
price_1Oy2QuLBvFqep6zQMNDBAp26,33,Undergrowth
price_1Oy2QuLBvFqep6zQddFY4l5M,32,Undergrowth
price_1Oy2QtLBvFqep6zQTGx8CXIk,47,Sun And Moon
price_1Oy2QsLBvFqep6zQlKbJyyh9,46,Sun And Moon
price_1Oy2QrLBvFqep6zQz2zv3kKd,45,Sun And Moon
price_1Oy2QrLBvFqep6zQQrAZoDFf,44,Sun And Moon
price_1Oy2QqLBvFqep6zQPy86uOFi,43,Sun And Moon
price_1Oy2QpLBvFqep6zQmQo7MxGo,42,Sun And Moon
price_1Oy2QoLBvFqep6zQLbdcrtXM,41,Sun And Moon
price_1Oy2QoLBvFqep6zQdXVeP0I8,40,Sun And Moon
price_1Oy2QnLBvFqep6zQLwM3njoB,39,Sun And Moon
price_1Oy2QmLBvFqep6zQlQSlb3NI,38,Sun And Moon
price_1Oy2QlLBvFqep6zQpMI2N87Y,37,Sun And Moon
price_1Oy2QkLBvFqep6zQmq9iU0GQ,36,Sun And Moon
price_1Oy2QjLBvFqep6zQXhpbDfEM,35,Sun And Moon
price_1Oy2QgLBvFqep6zQD0otUVZ8,34,Sun And Moon
price_1Oy2QgLBvFqep6zQpexavWL4,33,Sun And Moon
price_1Oy2QfLBvFqep6zQbWVECerU,32,Sun And Moon
price_1Oy2QcLBvFqep6zQN8hcCQbQ,47,Colibri II
price_1Oy2QcLBvFqep6zQG5ZT7aHc,46,Colibri II
price_1Oy2QaLBvFqep6zQYPnK7Cpj,45,Colibri II
price_1Oy2QXLBvFqep6zQXWdTk4mZ,44,Colibri II
price_1Oy2QXLBvFqep6zQcj1Npvgk,43,Colibri II
price_1Oy2QWLBvFqep6zQxnO040Cj,42,Colibri II
price_1Oy2QVLBvFqep6zQ4ExfY5sj,41,Colibri II
price_1Oy2QULBvFqep6zQM8t7ij9d,40,Colibri II
price_1Oy2QSLBvFqep6zQPkn0eDjF,39,Colibri II
price_1Oy2QRLBvFqep6zQIeMwxJHx,38,Colibri II
price_1Oy2QQLBvFqep6zQ4WxGcuwG,37,Colibri II
price_1Oy2QOLBvFqep6zQfjESmuTb,36,Colibri II
price_1Oy2QNLBvFqep6zQVnYzRfgb,35,Colibri II
price_1Oy2QMLBvFqep6zQMxvOoMU2,34,Colibri II
price_1Oy2QLLBvFqep6zQJrOdJqXu,33,Colibri II
price_1Oy2QLLBvFqep6zQ28WHmVOk,32,Colibri II
price_1Oy2QDLBvFqep6zQtoU1DqM1,47,Ice Petals
price_1Oy2QCLBvFqep6zQKw5xT1Ku,46,Ice Petals
price_1Oy2QALBvFqep6zQ80Jw28B4,45,Ice Petals
price_1Oy2Q9LBvFqep6zQTcon25O7,44,Ice Petals
price_1Oy2Q7LBvFqep6zQ4kn7duOa,43,Ice Petals
price_1Oy2Q6LBvFqep6zQkVLMl6l3,42,Ice Petals
price_1Oy2Q5LBvFqep6zQ2wvgUMxx,41,Ice Petals
price_1Oy2Q5LBvFqep6zQGBtY6h32,40,Ice Petals
price_1Oy2PuLBvFqep6zQIgoJQRWA,39,Ice Petals
price_1Oy2PtLBvFqep6zQvxDh7j91,38,Ice Petals
price_1Oy2PsLBvFqep6zQi6qh2YDN,37,Ice Petals
price_1Oy2PrLBvFqep6zQXtr1b32e,36,Ice Petals
price_1Oy2PrLBvFqep6zQZDZ9stPT,35,Ice Petals
price_1Oy2PqLBvFqep6zQHuVc6MEr,34,Ice Petals
price_1Oy2PpLBvFqep6zQFhUWHjup,33,Ice Petals
price_1Oy2PoLBvFqep6zQ478iCHCW,32,Ice Petals
price_1Oy2PoLBvFqep6zQWjqCe0jq,47,May Flower
price_1Oy2PnLBvFqep6zQWTbPBKcx,46,May Flower
price_1Oy2PmLBvFqep6zQm9qCMHPh,45,May Flower
price_1Oy2PlLBvFqep6zQV94jGwbM,44,May Flower
price_1Oy2PlLBvFqep6zQ4Sgk5Ms3,43,May Flower
price_1Oy2PkLBvFqep6zQwxCAp1K1,42,May Flower
price_1Oy2PjLBvFqep6zQeZNdg9MJ,41,May Flower
price_1Oy2PdLBvFqep6zQaG7Dkp5Y,40,May Flower
price_1Oy2PaLBvFqep6zQOP8h1Z9Q,39,May Flower
price_1Oy2PZLBvFqep6zQfljZnXBD,38,May Flower
price_1Oy2PXLBvFqep6zQM7k2q6Zm,37,May Flower
price_1Oy2PVLBvFqep6zQ8tOhjBwf,36,May Flower
price_1Oy2PULBvFqep6zQWhQV8xsA,35,May Flower
price_1Oy2PTLBvFqep6zQUQZuyzUL,34,May Flower
price_1Oy2PTLBvFqep6zQNFjblJqX,33,May Flower
price_1Oy2PSLBvFqep6zQFRkp1K1W,32,May Flower
price_1Oy2PRLBvFqep6zQAwXTnwJQ,47,Lokum
price_1Oy2PQLBvFqep6zQt7DH02me,46,Lokum
price_1Oy2PQLBvFqep6zQ7GeHm7Dp,45,Lokum
price_1Oy2PPLBvFqep6zQiAIHXRD4,44,Lokum
price_1Oy2POLBvFqep6zQS3SRM9ho,43,Lokum
price_1Oy2PNLBvFqep6zQ6UIj1iIk,42,Lokum
price_1Oy2PMLBvFqep6zQrgCCSwYo,41,Lokum
price_1Oy2PMLBvFqep6zQR0AgeNMR,40,Lokum
price_1Oy2PLLBvFqep6zQZzSbPtK0,39,Lokum
price_1Oy2PKLBvFqep6zQiR0TmILd,38,Lokum
price_1Oy2PJLBvFqep6zQFMYyJtWC,37,Lokum
price_1Oy2PJLBvFqep6zQE42WpCC0,36,Lokum
price_1Oy2PILBvFqep6zQXCkNg1Ub,35,Lokum
price_1Oy2PHLBvFqep6zQCwNoQ7Vj,34,Lokum
price_1Oy2PGLBvFqep6zQw47DEStn,33,Lokum
price_1Oy2PFLBvFqep6zQBKDtZttA,32,Lokum
price_1Oy2PFLBvFqep6zQZCpxOfRm,47,Peace
price_1Oy2PELBvFqep6zQmP2qdCcD,46,Peace
price_1Oy2PDLBvFqep6zQ9Q7yvEFW,45,Peace
price_1Oy2PCLBvFqep6zQfFThinuU,44,Peace
price_1Oy2PCLBvFqep6zQAHjmXeIc,43,Peace
price_1Oy2PBLBvFqep6zQcU4DQirQ,42,Peace
price_1Oy2PALBvFqep6zQ2bEJ3gB6,41,Peace
price_1Oy2P9LBvFqep6zQi62l3bLK,40,Peace
price_1Oy2P9LBvFqep6zQE0xqS4ul,39,Peace
price_1Oy2P8LBvFqep6zQENDxtOcn,38,Peace
price_1Oy2P7LBvFqep6zQwkgaThgu,37,Peace
price_1Oy2P6LBvFqep6zQATAG1IcS,36,Peace
price_1Oy2P6LBvFqep6zQxLzdZ7ew,35,Peace
price_1Oy2P5LBvFqep6zQzjmpIJSz,34,Peace
price_1Oy2P4LBvFqep6zQ2347iYTq,33,Peace
price_1Oy2P3LBvFqep6zQI7aNxSDs,32,Peace
price_1Oy2P3LBvFqep6zQvD5LtTgT,47,Calendula
price_1Oy2P2LBvFqep6zQQn91a1Rh,46,Calendula
price_1Oy2P1LBvFqep6zQlycTBEzV,45,Calendula
price_1Oy2P0LBvFqep6zQVNiAE2QH,44,Calendula
price_1Oy2P0LBvFqep6zQwzYHPk4Z,43,Calendula
price_1Oy2OzLBvFqep6zQAl3J46cq,42,Calendula
price_1Oy2OyLBvFqep6zQoS0BoxsV,41,Calendula
price_1Oy2OxLBvFqep6zQJUiRnHeh,40,Calendula
price_1Oy2OxLBvFqep6zQwl5kZetN,39,Calendula
price_1Oy2OwLBvFqep6zQS7u1HFpm,38,Calendula
price_1Oy2OvLBvFqep6zQPfezucKR,37,Calendula
price_1Oy2OuLBvFqep6zQYzoz1Rh4,36,Calendula
price_1Oy2OuLBvFqep6zQZzfMqDn8,35,Calendula
price_1Oy2OtLBvFqep6zQjWTtkW4Y,34,Calendula
price_1Oy2OsLBvFqep6zQ6YCZr00d,33,Calendula
price_1Oy2OrLBvFqep6zQqa9levac,32,Calendula
price_1Oy2OrLBvFqep6zQS7JIbreU,47,Purple Rose
price_1Oy2OqLBvFqep6zQSTDrDRij,46,Purple Rose
price_1Oy2OpLBvFqep6zQbvdlhQJ1,45,Purple Rose
price_1Oy2OpLBvFqep6zQZLkIOBOF,44,Purple Rose
price_1Oy2OoLBvFqep6zQIXSs5cCJ,43,Purple Rose
price_1Oy2OnLBvFqep6zQ2YPrR6it,42,Purple Rose
price_1Oy2OmLBvFqep6zQ1Atjh1ol,41,Purple Rose
price_1Oy2OmLBvFqep6zQHcEegsWh,40,Purple Rose
price_1Oy2OlLBvFqep6zQQCNhHyIO,39,Purple Rose
price_1Oy2OkLBvFqep6zQRwYBvHpY,38,Purple Rose
price_1Oy2OjLBvFqep6zQO47D6aMP,37,Purple Rose
price_1Oy2OjLBvFqep6zQPBrTDEXv,36,Purple Rose
price_1Oy2OiLBvFqep6zQfCOTNVCb,35,Purple Rose
price_1Oy2OhLBvFqep6zQoUzNDId8,34,Purple Rose
price_1Oy2OgLBvFqep6zQVpYdNl7C,33,Purple Rose
price_1Oy2OgLBvFqep6zQ0CJlTOEW,32,Purple Rose
price_1Oy2OfLBvFqep6zQRy88Scz1,47,Arcoiris
price_1Oy2OeLBvFqep6zQ9L8G3AGm,46,Arcoiris
price_1Oy2OdLBvFqep6zQPiaXBem7,45,Arcoiris
price_1Oy2OcLBvFqep6zQtewIsJAv,44,Arcoiris
price_1Oy2OcLBvFqep6zQKnI16GYm,43,Arcoiris
price_1Oy2ObLBvFqep6zQx6xvFBhm,42,Arcoiris
price_1Oy2OaLBvFqep6zQ2lhsynbR,41,Arcoiris
price_1Oy2OZLBvFqep6zQYr9auan8,40,Arcoiris
price_1Oy2OZLBvFqep6zQx0OSDsbk,39,Arcoiris
price_1Oy2OYLBvFqep6zQ4IfUU3NO,38,Arcoiris
price_1Oy2OXLBvFqep6zQpVxEa4Pn,37,Arcoiris
price_1Oy2OWLBvFqep6zQJuypRp1r,36,Arcoiris
price_1Oy2OWLBvFqep6zQVOUx2Q20,35,Arcoiris
price_1Oy2OVLBvFqep6zQrTwKrIUl,34,Arcoiris
price_1Oy2OULBvFqep6zQI8KiRbKn,33,Arcoiris
price_1Oy2OTLBvFqep6zQ75E5bJRs,32,Arcoiris
price_1Oy2OTLBvFqep6zQIMRojDDJ,47,Hearts Away
price_1Oy2OSLBvFqep6zQ9lNVUXBR,46,Hearts Away
price_1Oy2ORLBvFqep6zQDxXDduDO,45,Hearts Away
price_1Oy2ORLBvFqep6zQ0ouVeGQs,44,Hearts Away
price_1Oy2OQLBvFqep6zQB85aeOLB,43,Hearts Away
price_1Oy2OPLBvFqep6zQHPoNT8V3,42,Hearts Away
price_1Oy2OOLBvFqep6zQXgxF9IIF,41,Hearts Away
price_1Oy2OOLBvFqep6zQ2XOeBNIs,40,Hearts Away
price_1Oy2ONLBvFqep6zQ5cSLPxPs,39,Hearts Away
price_1Oy2OMLBvFqep6zQluiaOtUr,38,Hearts Away
price_1Oy2OLLBvFqep6zQ3eeEQFUg,37,Hearts Away
price_1Oy2OKLBvFqep6zQkbrlsWG8,36,Hearts Away
price_1Oy2OKLBvFqep6zQ9Nv5bTh4,35,Hearts Away
price_1Oy2OJLBvFqep6zQ5vqCF5IP,34,Hearts Away
price_1Oy2OILBvFqep6zQ92NnRyW8,33,Hearts Away
price_1Oy2OILBvFqep6zQ0DWVZUAH,32,Hearts Away
price_1Oy2OHLBvFqep6zQpzYOcXla,47,Peacock II
price_1Oy2OGLBvFqep6zQRtT6owNZ,46,Peacock II
price_1Oy2OFLBvFqep6zQbLBRW9tP,45,Peacock II
price_1Oy2OELBvFqep6zQkZkDwaPV,44,Peacock II
price_1Oy2OELBvFqep6zQ77WF9mbf,43,Peacock II
price_1Oy2ODLBvFqep6zQn4VO7OIx,42,Peacock II
price_1Oy2OCLBvFqep6zQJqNcRF0w,41,Peacock II
price_1Oy2OBLBvFqep6zQeACdEtZv,40,Peacock II
price_1Oy2OALBvFqep6zQXzDKh8rj,39,Peacock II
price_1Oy2OALBvFqep6zQzGAuF8do,38,Peacock II
price_1Oy2O9LBvFqep6zQohlwTf8Z,37,Peacock II
price_1Oy2O8LBvFqep6zQAdDLYXfY,36,Peacock II
price_1Oy2O7LBvFqep6zQ6BIZu7y4,35,Peacock II
price_1Oy2O6LBvFqep6zQKc85hfKH,34,Peacock II
price_1Oy2O6LBvFqep6zQarbMRdVT,33,Peacock II
price_1Oy2O5LBvFqep6zQFbVJjWWP,32,Peacock II
price_1Oy2O4LBvFqep6zQC0oZUeV9,47,Cantuta III
price_1Oy2O3LBvFqep6zQplK4ZnCp,46,Cantuta III
price_1Oy2O3LBvFqep6zQZ66tmGo2,45,Cantuta III
price_1Oy2O2LBvFqep6zQxrHsiOci,44,Cantuta III
price_1Oy2O1LBvFqep6zQQ7x6XocR,43,Cantuta III
price_1Oy2O0LBvFqep6zQC8ZDU5Az,42,Cantuta III
price_1Oy2O0LBvFqep6zQR919pqtJ,41,Cantuta III
price_1Oy2NzLBvFqep6zQcSzf7v64,40,Cantuta III
price_1Oy2NyLBvFqep6zQiTHNamo7,39,Cantuta III
price_1Oy2NxLBvFqep6zQYYoTMJH1,38,Cantuta III
price_1Oy2NxLBvFqep6zQTYh5CfcQ,37,Cantuta III
price_1Oy2NwLBvFqep6zQMyJ8SnXy,36,Cantuta III
price_1Oy2NvLBvFqep6zQtKHhIrEG,35,Cantuta III
price_1Oy2NvLBvFqep6zQuzippZu8,34,Cantuta III
price_1Oy2NuLBvFqep6zQpzNpRijs,33,Cantuta III
price_1Oy2NtLBvFqep6zQkhwwF8jc,32,Cantuta III
price_1Oy2NsLBvFqep6zQMJ7Qqf3S,47,Fire Vine
price_1Oy2NsLBvFqep6zQeAGkkiJe,46,Fire Vine
price_1Oy2NrLBvFqep6zQ1JH3fNQ7,45,Fire Vine
price_1Oy2NqLBvFqep6zQe6PvNkNT,44,Fire Vine
price_1Oy2NpLBvFqep6zQSMwoeaBF,43,Fire Vine
price_1Oy2NpLBvFqep6zQi54gVmAb,42,Fire Vine
price_1Oy2NoLBvFqep6zQmP5TphNp,41,Fire Vine
price_1Oy2NnLBvFqep6zQdqBBKZRD,40,Fire Vine
price_1Oy2NnLBvFqep6zQyXgnnS2f,39,Fire Vine
price_1Oy2NmLBvFqep6zQQIfPuSVN,38,Fire Vine
price_1Oy2NlLBvFqep6zQme6NIhhc,37,Fire Vine
price_1Oy2NkLBvFqep6zQDoHrWSbf,36,Fire Vine
price_1Oy2NkLBvFqep6zQphpg5TaK,35,Fire Vine
price_1Oy2NjLBvFqep6zQ5AmLH94Z,34,Fire Vine
price_1Oy2NiLBvFqep6zQkFxLDyMc,33,Fire Vine
price_1Oy2NiLBvFqep6zQFgrRiqkv,32,Fire Vine
price_1Oy2NhLBvFqep6zQgMd5xl38,47,Sparkles
price_1Oy2NgLBvFqep6zQnbIgY9VC,46,Sparkles
price_1Oy2NfLBvFqep6zQXj7dR9dl,45,Sparkles
price_1Oy2NfLBvFqep6zQCz38fZxH,44,Sparkles
price_1Oy2NeLBvFqep6zQyiXpwYuk,43,Sparkles
price_1Oy2NdLBvFqep6zQoaODVCuQ,42,Sparkles
price_1Oy2NdLBvFqep6zQ9W2BlGCN,41,Sparkles
price_1Oy2NcLBvFqep6zQwCuIgzDL,40,Sparkles
price_1Oy2NbLBvFqep6zQbHSkkgDv,39,Sparkles
price_1Oy2NaLBvFqep6zQGiWjbqaj,38,Sparkles
price_1Oy2NaLBvFqep6zQxzBVIXQa,37,Sparkles
price_1Oy2NZLBvFqep6zQFS2M7yq4,36,Sparkles
price_1Oy2NYLBvFqep6zQTlXO2ZOt,35,Sparkles
price_1Oy2NYLBvFqep6zQb2lNIh3G,34,Sparkles
price_1Oy2NXLBvFqep6zQDoG9vNnn,33,Sparkles
price_1Oy2NWLBvFqep6zQOmaxgZkb,32,Sparkles
price_1Oy2NVLBvFqep6zQr9aPQFvm,47,Cantuta II
price_1Oy2NVLBvFqep6zQwTK7XAN8,46,Cantuta II
price_1Oy2NULBvFqep6zQ8CwRW8jr,45,Cantuta II
price_1Oy2NTLBvFqep6zQi7latPDT,44,Cantuta II
price_1Oy2NTLBvFqep6zQiO7MtvEm,43,Cantuta II
price_1Oy2NSLBvFqep6zQWfP6Wmiw,42,Cantuta II
price_1Oy2NRLBvFqep6zQPPk0FlW1,41,Cantuta II
price_1Oy2NQLBvFqep6zQqaHZYleq,40,Cantuta II
price_1Oy2NQLBvFqep6zQ0117fqwR,39,Cantuta II
price_1Oy2NPLBvFqep6zQQdYNA13n,38,Cantuta II
price_1Oy2NOLBvFqep6zQM4Oilnay,37,Cantuta II
price_1Oy2NOLBvFqep6zQKIT7A7jn,36,Cantuta II
price_1Oy2NNLBvFqep6zQwpF24ePc,35,Cantuta II
price_1Oy2NMLBvFqep6zQRfSjAB00,34,Cantuta II
price_1Oy2NLLBvFqep6zQFUpkGXkz,33,Cantuta II
price_1Oy2NLLBvFqep6zQp0DUEyO1,32,Cantuta II
price_1Oy2NKLBvFqep6zQjsy8k6l6,47,May Day
price_1Oy2NJLBvFqep6zQFeZ4H2my,46,May Day
price_1Oy2NILBvFqep6zQWuCIu18V,45,May Day
price_1Oy2NILBvFqep6zQrrvhsoKz,44,May Day
price_1Oy2NHLBvFqep6zQOhe4rNjv,43,May Day
price_1Oy2NGLBvFqep6zQAdO7Ohpq,42,May Day
price_1Oy2NGLBvFqep6zQHsWO8JzB,41,May Day
price_1Oy2NFLBvFqep6zQmYmRCJDB,40,May Day
price_1Oy2NELBvFqep6zQ61ICabpq,39,May Day
price_1Oy2NDLBvFqep6zQDEoioxSy,38,May Day
price_1Oy2NDLBvFqep6zQJ6WUEoer,37,May Day
price_1Oy2NCLBvFqep6zQ2KbMdb75,36,May Day
price_1Oy2NBLBvFqep6zQTomdg2vV,35,May Day
price_1Oy2NALBvFqep6zQaubpzbkd,34,May Day
price_1Oy2NALBvFqep6zQscUHPMVv,33,May Day
price_1Oy2N9LBvFqep6zQxKNklBNu,32,May Day
price_1Oy2N8LBvFqep6zQetP5JRBn,47,Incognito
price_1Oy2N7LBvFqep6zQ68SoDYww,46,Incognito
price_1Oy2N7LBvFqep6zQBdoKGkVm,45,Incognito
price_1Oy2N6LBvFqep6zQJZbIY1yG,44,Incognito
price_1Oy2N5LBvFqep6zQviR7Y3pU,43,Incognito
price_1Oy2N5LBvFqep6zQYrXamnv6,42,Incognito
price_1Oy2N4LBvFqep6zQnU0dnfcZ,41,Incognito
price_1Oy2N3LBvFqep6zQUmaI3yr8,40,Incognito
price_1Oy2N2LBvFqep6zQrSU5z0Kt,39,Incognito
price_1Oy2N2LBvFqep6zQEFJjt0a2,38,Incognito
price_1Oy2N1LBvFqep6zQiAhqqBRz,37,Incognito
price_1Oy2N0LBvFqep6zQtnhjw0rx,36,Incognito
price_1Oy2MzLBvFqep6zQyFqsLGHZ,35,Incognito
price_1Oy2MzLBvFqep6zQJ4JGPXQQ,34,Incognito
price_1Oy2MyLBvFqep6zQj7zVFtbI,33,Incognito
price_1Oy2MxLBvFqep6zQjxZZk6m5,32,Incognito
price_1Oy2MwLBvFqep6zQOCJN2sg9,47,Heart Vine
price_1Oy2MwLBvFqep6zQUq7pnWsy,46,Heart Vine
price_1Oy2MvLBvFqep6zQS6ZRzTzC,45,Heart Vine
price_1Oy2MuLBvFqep6zQ5eJMKrzL,44,Heart Vine
price_1Oy2MtLBvFqep6zQjNkTWbf9,43,Heart Vine
price_1Oy2MtLBvFqep6zQrotGet4I,42,Heart Vine
price_1Oy2MsLBvFqep6zQwzdG5AWW,41,Heart Vine
price_1Oy2MrLBvFqep6zQXOiV5n3X,40,Heart Vine
price_1Oy2MrLBvFqep6zQXG6NSYr6,39,Heart Vine
price_1Oy2MqLBvFqep6zQxMNyYWoo,38,Heart Vine
price_1Oy2MpLBvFqep6zQw7t4CfsQ,37,Heart Vine
price_1Oy2MoLBvFqep6zQEcj6qt3u,36,Heart Vine
price_1Oy2MoLBvFqep6zQIl2HNbng,35,Heart Vine
price_1Oy2MnLBvFqep6zQ53TktDRJ,34,Heart Vine
price_1Oy2MmLBvFqep6zQLw740hTD,33,Heart Vine
price_1Oy2MlLBvFqep6zQm9wF2TXG,32,Heart Vine
price_1Oy2MlLBvFqep6zQzOd7kkEw,47,Two Of Hearts
price_1Oy2MkLBvFqep6zQ06xGMh6H,46,Two Of Hearts
price_1Oy2MjLBvFqep6zQo58p6LA2,45,Two Of Hearts
price_1Oy2MiLBvFqep6zQYxjdV8Hc,44,Two Of Hearts
price_1Oy2MiLBvFqep6zQLpWieZIY,43,Two Of Hearts
price_1Oy2MhLBvFqep6zQrqS4b6SX,42,Two Of Hearts
price_1Oy2MgLBvFqep6zQQYxnpdS2,41,Two Of Hearts
price_1Oy2MgLBvFqep6zQPGxOSFwn,40,Two Of Hearts
price_1Oy2MfLBvFqep6zQQlHz6bHS,39,Two Of Hearts
price_1Oy2MeLBvFqep6zQ0GrOhGOh,38,Two Of Hearts
price_1Oy2MdLBvFqep6zQ26sxZoem,37,Two Of Hearts
price_1Oy2MdLBvFqep6zQsRu4kOZv,36,Two Of Hearts
price_1Oy2McLBvFqep6zQvvOV94WZ,35,Two Of Hearts
price_1Oy2MbLBvFqep6zQgDFH4gZy,34,Two Of Hearts
price_1Oy2MaLBvFqep6zQo8FUZbgC,33,Two Of Hearts
price_1Oy2MZLBvFqep6zQJIE0eqjF,32,Two Of Hearts
price_1Oy2MYLBvFqep6zQmB9Ojr3z,47,Star Child
price_1Oy2MYLBvFqep6zQ8JK2tkvq,46,Star Child
price_1Oy2MXLBvFqep6zQyiJmaufT,45,Star Child
price_1Oy2MWLBvFqep6zQCUbtIwTu,44,Star Child
price_1Oy2MVLBvFqep6zQRsmONCxL,43,Star Child
price_1Oy2MVLBvFqep6zQaoTpLlvx,42,Star Child
price_1Oy2MULBvFqep6zQ4Z6QH2Q6,41,Star Child
price_1Oy2MTLBvFqep6zQJGjJBka0,40,Star Child
price_1Oy2MSLBvFqep6zQeLYGFD3m,39,Star Child
price_1Oy2MRLBvFqep6zQ5lLGQLHj,38,Star Child
price_1Oy2MRLBvFqep6zQgwOyxofU,37,Star Child
price_1Oy2MQLBvFqep6zQI94v2mZD,36,Star Child
price_1Oy2MPLBvFqep6zQauxFZZam,35,Star Child
price_1Oy2MOLBvFqep6zQdwYrTY3y,34,Star Child
price_1Oy2MNLBvFqep6zQ92GSVxgB,33,Star Child
price_1Oy2MNLBvFqep6zQqCATMMv1,32,Star Child
price_1Oy2MMLBvFqep6zQq9tG2VMc,47,Lattice
price_1Oy2MLLBvFqep6zQ9V40kHMf,46,Lattice
price_1Oy2MKLBvFqep6zQ2bSdJQRG,45,Lattice
price_1Oy2MJLBvFqep6zQf89u859N,44,Lattice
price_1Oy2MJLBvFqep6zQurSWn8C9,43,Lattice
price_1Oy2MILBvFqep6zQW0WSeyJ1,42,Lattice
price_1Oy2MHLBvFqep6zQ7dU6qbEa,41,Lattice
price_1Oy2MHLBvFqep6zQYJh3Eozf,40,Lattice
price_1Oy2MGLBvFqep6zQcaJGEavU,39,Lattice
price_1Oy2MFLBvFqep6zQZGRCwh2v,38,Lattice
price_1Oy2MELBvFqep6zQ81T7dUn3,37,Lattice
price_1Oy2MELBvFqep6zQeIAi4CAw,36,Lattice
price_1Oy2MDLBvFqep6zQySn37kzC,35,Lattice
price_1Oy2MCLBvFqep6zQYjGBOH06,34,Lattice
price_1Oy2MBLBvFqep6zQpa0fctTy,33,Lattice
price_1Oy2MBLBvFqep6zQv6EI64zV,32,Lattice
price_1Oy2MALBvFqep6zQ7vh0grYN,47,Kuychi
price_1Oy2M9LBvFqep6zQs9d2tcr1,46,Kuychi
price_1Oy2M9LBvFqep6zQebR6bdWq,45,Kuychi
price_1Oy2M8LBvFqep6zQlqG8qRmE,44,Kuychi
price_1Oy2M7LBvFqep6zQ20TrUIyj,43,Kuychi
price_1Oy2M6LBvFqep6zQHk4JpgJw,42,Kuychi
price_1Oy2M6LBvFqep6zQLDduOMlv,41,Kuychi
price_1Oy2M5LBvFqep6zQQS8xxFWI,40,Kuychi
price_1Oy2M4LBvFqep6zQmNzugpA9,39,Kuychi
price_1Oy2M3LBvFqep6zQHH7Pwewu,38,Kuychi
price_1Oy2M3LBvFqep6zQ1dw6D1as,37,Kuychi
price_1Oy2M2LBvFqep6zQtfCZBnCw,36,Kuychi
price_1Oy2M1LBvFqep6zQZ6s7vigR,35,Kuychi
price_1Oy2M1LBvFqep6zQtgvaWDSB,34,Kuychi
price_1Oy2M0LBvFqep6zQYGIWnk45,33,Kuychi
price_1Oy2LzLBvFqep6zQ8dkZEc8j,32,Kuychi
price_1Oy2LyLBvFqep6zQM1TxaSx3,47,Devine
price_1Oy2LyLBvFqep6zQoYrzI7l6,46,Devine
price_1Oy2LxLBvFqep6zQiVtULhUF,45,Devine
price_1Oy2LwLBvFqep6zQPrUiKI77,44,Devine
price_1Oy2LvLBvFqep6zQRvXktP3G,43,Devine
price_1Oy2LuLBvFqep6zQsrajb0pf,42,Devine
price_1Oy2LuLBvFqep6zQVaFshOda,41,Devine
price_1Oy2LtLBvFqep6zQbBHxuwNh,40,Devine
price_1Oy2LsLBvFqep6zQGtLEApH3,39,Devine
price_1Oy2LsLBvFqep6zQrQuqBAK6,38,Devine
price_1Oy2LrLBvFqep6zQI7piyUui,37,Devine
price_1Oy2LqLBvFqep6zQAsBAGcxY,36,Devine
price_1Oy2LpLBvFqep6zQhh4Mnfbr,35,Devine
price_1Oy2LpLBvFqep6zQXtJtJgtE,34,Devine
price_1Oy2LoLBvFqep6zQ6gxig2ve,33,Devine
price_1Oy2LnLBvFqep6zQiIgMVxO9,32,Devine
price_1Oy2LmLBvFqep6zQKBOWF7G8,47,Flower
price_1Oy2LmLBvFqep6zQkjJGvNR8,46,Flower
price_1Oy2LlLBvFqep6zQI4TBVWoF,45,Flower
price_1Oy2LkLBvFqep6zQ4kXpDkd5,44,Flower
price_1Oy2LkLBvFqep6zQqH8tjWfs,43,Flower
price_1Oy2LjLBvFqep6zQ0sW6htmG,42,Flower
price_1Oy2LiLBvFqep6zQlkCPYqdE,41,Flower
price_1Oy2LhLBvFqep6zQjFZOwtt5,40,Flower
price_1Oy2LhLBvFqep6zQ40BF6Es1,39,Flower
price_1Oy2LgLBvFqep6zQBNpRcnHI,38,Flower
price_1Oy2LfLBvFqep6zQMXdm88WR,37,Flower
price_1Oy2LeLBvFqep6zQhoNx3kHW,36,Flower
price_1Oy2LeLBvFqep6zQjvBZumWt,35,Flower
price_1Oy2LdLBvFqep6zQuvS5m8o5,34,Flower
price_1Oy2LcLBvFqep6zQhUrGjbJF,33,Flower
price_1Oy2LcLBvFqep6zQWHwlh0Xi,32,Flower
price_1Oy2LbLBvFqep6zQVNMaBlMT,47,Pocadot
price_1Oy2LaLBvFqep6zQskBSN5R5,46,Pocadot
price_1Oy2LZLBvFqep6zQ32pZ6YKe,45,Pocadot
price_1Oy2LZLBvFqep6zQANTN744i,44,Pocadot
price_1Oy2LYLBvFqep6zQVNijPjxL,43,Pocadot
price_1Oy2LXLBvFqep6zQekqFMXHY,42,Pocadot
price_1Oy2LWLBvFqep6zQ6H2t1IjX,41,Pocadot
price_1Oy2LWLBvFqep6zQDZrirhUU,40,Pocadot
price_1Oy2LVLBvFqep6zQs0FsEr9K,39,Pocadot
price_1Oy2LULBvFqep6zQWro4CcKH,38,Pocadot
price_1Oy2LTLBvFqep6zQquARWWLt,37,Pocadot
price_1Oy2LTLBvFqep6zQNlJKYOMT,36,Pocadot
price_1Oy2LSLBvFqep6zQbmBcew0M,35,Pocadot
price_1Oy2LRLBvFqep6zQUlV2OXvn,34,Pocadot
price_1Oy2LRLBvFqep6zQ0HK088ps,33,Pocadot
price_1Oy2LQLBvFqep6zQ57I8grNO,32,Pocadot
price_1Oy2LPLBvFqep6zQicYeKSqj,47,Heart
price_1Oy2LOLBvFqep6zQ6LLKi9Rz,46,Heart
price_1Oy2LNLBvFqep6zQP2gEkSnN,45,Heart
price_1Oy2LNLBvFqep6zQj0TUsDrQ,44,Heart
price_1Oy2LMLBvFqep6zQxuweoE1R,43,Heart
price_1Oy2LLLBvFqep6zQXVsxIzrp,42,Heart
price_1Oy2LLLBvFqep6zQCJudkkqF,41,Heart
price_1Oy2LKLBvFqep6zQHSN7P3D9,40,Heart
price_1Oy2LJLBvFqep6zQvO5fq49f,39,Heart
price_1Oy2LILBvFqep6zQEb0aKCdy,38,Heart
price_1Oy2LILBvFqep6zQaI2jC99N,37,Heart
price_1Oy2LHLBvFqep6zQzktwR8kE,36,Heart
price_1Oy2LGLBvFqep6zQPkCxhQTd,35,Heart
price_1Oy2LGLBvFqep6zQ1zSOU0Fo,34,Heart
price_1Oy2LFLBvFqep6zQOmcbPtZN,33,Heart
price_1Oy2LELBvFqep6zQir7eSjdN,32,Heart
price_1Oy2LDLBvFqep6zQ8PS7YndQ,47,Star Power
price_1Oy2LDLBvFqep6zQxAukucbx,46,Star Power
price_1Oy2LCLBvFqep6zQGNZZGCHp,45,Star Power
price_1Oy2LBLBvFqep6zQap7VJU5v,44,Star Power
price_1Oy2LALBvFqep6zQs6eI3p8y,43,Star Power
price_1Oy2LALBvFqep6zQnD5oh47p,42,Star Power
price_1Oy2L9LBvFqep6zQ0nDt4z9i,41,Star Power
price_1Oy2L8LBvFqep6zQ5AJEj5hr,40,Star Power
price_1Oy2L7LBvFqep6zQFF01nAFe,39,Star Power
price_1Oy2L7LBvFqep6zQLEys9zZ5,38,Star Power
price_1Oy2L6LBvFqep6zQW4POymbz,37,Star Power
price_1Oy2L5LBvFqep6zQi1WXclsP,36,Star Power
price_1Oy2L4LBvFqep6zQB8U6KbPP,35,Star Power
price_1Oy2L4LBvFqep6zQkCYBd3KH,34,Star Power
price_1Oy2L3LBvFqep6zQl5VQxJ4W,33,Star Power
price_1Oy2L2LBvFqep6zQrZxC6pJE,32,Star Power
price_1Oy2L1LBvFqep6zQCP6hCPpk,47,Cantuta
price_1Oy2L1LBvFqep6zQrdNGB8Ja,46,Cantuta
price_1Oy2L0LBvFqep6zQvTRkCvf6,45,Cantuta
price_1Oy2KzLBvFqep6zQVRXKvacK,44,Cantuta
price_1Oy2KyLBvFqep6zQwvUHHarI,43,Cantuta
price_1Oy2KyLBvFqep6zQq4noN4xz,42,Cantuta
price_1Oy2KxLBvFqep6zQZVQ7L4iE,41,Cantuta
price_1Oy2KwLBvFqep6zQyK7VcFv3,40,Cantuta
price_1Oy2KvLBvFqep6zQ1onfEU4G,39,Cantuta
price_1Oy2KvLBvFqep6zQCUJ4Ni1D,38,Cantuta
price_1Oy2KuLBvFqep6zQ2XdGDxUg,37,Cantuta
price_1Oy2KtLBvFqep6zQcBuq9L5V,36,Cantuta
price_1Oy2KsLBvFqep6zQ1KJNIlV9,35,Cantuta
price_1Oy2KrLBvFqep6zQwbeb3283,34,Cantuta
price_1Oy2KqLBvFqep6zQmHJcMpjo,33,Cantuta
price_1Oy2KqLBvFqep6zQ7Jg8Dirb,32,Cantuta
price_1Oy2KpLBvFqep6zQn29JxEiO,47,Mar
price_1Oy2KoLBvFqep6zQBm15Njqk,46,Mar
price_1Oy2KnLBvFqep6zQ81FXf4OQ,45,Mar
price_1Oy2KnLBvFqep6zQjDiOm2Cu,44,Mar
price_1Oy2KmLBvFqep6zQbMyJODFv,43,Mar
price_1Oy2KlLBvFqep6zQbL7OhEaA,42,Mar
price_1Oy2KkLBvFqep6zQxLmEgoQT,41,Mar
price_1Oy2KkLBvFqep6zQt45WV76k,40,Mar
price_1Oy2KjLBvFqep6zQ8MF7qXBo,39,Mar
price_1Oy2KiLBvFqep6zQFll8Wq8q,38,Mar
price_1Oy2KhLBvFqep6zQyH4ZiOR5,37,Mar
price_1Oy2KhLBvFqep6zQRS1paA8B,36,Mar
price_1Oy2KgLBvFqep6zQVnEvVKyT,35,Mar
price_1Oy2KfLBvFqep6zQOuiHL68j,34,Mar
price_1Oy2KeLBvFqep6zQ2TQTEuaB,33,Mar
price_1Oy2KeLBvFqep6zQjBmh7RPz,32,Mar
price_1Oy2KdLBvFqep6zQol8yEcku,47,Cotton Candy
price_1Oy2KcLBvFqep6zQqGVHsqm2,46,Cotton Candy
price_1Oy2KbLBvFqep6zQoQaa0Wum,45,Cotton Candy
price_1Oy2KbLBvFqep6zQqbRvsuW2,44,Cotton Candy
price_1Oy2KaLBvFqep6zQZyVq3mz2,43,Cotton Candy
price_1Oy2KZLBvFqep6zQlXTpSlO8,42,Cotton Candy
price_1Oy2KZLBvFqep6zQpj2k5eGY,41,Cotton Candy
price_1Oy2KYLBvFqep6zQOkLX2aEY,40,Cotton Candy
price_1Oy2KXLBvFqep6zQg5f4qhgG,39,Cotton Candy
price_1Oy2KWLBvFqep6zQVOk8riz9,38,Cotton Candy
price_1Oy2KWLBvFqep6zQjXfWSt10,37,Cotton Candy
price_1Oy2KVLBvFqep6zQTruNB5cf,36,Cotton Candy
price_1Oy2KULBvFqep6zQFjfPiwDr,35,Cotton Candy
price_1Oy2KTLBvFqep6zQEyxKmWDi,34,Cotton Candy
price_1Oy2KSLBvFqep6zQB2SUGvtD,33,Cotton Candy
price_1Oy2KSLBvFqep6zQMAvR9MY5,32,Cotton Candy
price_1Oy2KRLBvFqep6zQ67YOMSei,47,Amaranth II
price_1Oy2KQLBvFqep6zQrAgdRiZS,46,Amaranth II
price_1Oy2KQLBvFqep6zQRt8fpMpM,45,Amaranth II
price_1Oy2KPLBvFqep6zQ046Ig6BX,44,Amaranth II
price_1Oy2KOLBvFqep6zQ0OjHsS0b,43,Amaranth II
price_1Oy2KNLBvFqep6zQPVFoSl5v,42,Amaranth II
price_1Oy2KMLBvFqep6zQq8t5bJSf,41,Amaranth II
price_1Oy2KMLBvFqep6zQK3Fz3Kjf,40,Amaranth II
price_1Oy2KLLBvFqep6zQofv2Hiiy,39,Amaranth II
price_1Oy2KKLBvFqep6zQFj4EMynS,38,Amaranth II
price_1Oy2KJLBvFqep6zQVNcLjrTz,37,Amaranth II
price_1Oy2KJLBvFqep6zQHShpaxGw,36,Amaranth II
price_1Oy2KILBvFqep6zQyqfrQbvy,35,Amaranth II
price_1Oy2KHLBvFqep6zQqgAk1FOi,34,Amaranth II
price_1Oy2KGLBvFqep6zQY1bZzzp6,33,Amaranth II
price_1Oy2KGLBvFqep6zQDMmkCpId,32,Amaranth II
price_1Oy2KFLBvFqep6zQfTkF8PrL,47,Daisy Chain
price_1Oy2KELBvFqep6zQdYqHiZIG,46,Daisy Chain
price_1Oy2KDLBvFqep6zQQEoCgnfw,45,Daisy Chain
price_1Oy2KDLBvFqep6zQRnDf5VI6,44,Daisy Chain
price_1Oy2KCLBvFqep6zQJAEgfExL,43,Daisy Chain
price_1Oy2KBLBvFqep6zQcZI6vM69,42,Daisy Chain
price_1Oy2KALBvFqep6zQ9VCYnhqZ,41,Daisy Chain
price_1Oy2KALBvFqep6zQMWT70wsl,40,Daisy Chain
price_1Oy2K9LBvFqep6zQDDVSpzjY,39,Daisy Chain
price_1Oy2K8LBvFqep6zQ037QOlog,38,Daisy Chain
price_1Oy2K7LBvFqep6zQyj2cDXS2,37,Daisy Chain
price_1Oy2K7LBvFqep6zQM8BCriVA,36,Daisy Chain
price_1Oy2K6LBvFqep6zQUTFbHain,35,Daisy Chain
price_1Oy2K5LBvFqep6zQgZTjVST1,34,Daisy Chain
price_1Oy2K4LBvFqep6zQrSQ6fKfZ,33,Daisy Chain
price_1Oy2K4LBvFqep6zQHQK5WcAW,32,Daisy Chain
price_1Oy2K3LBvFqep6zQYgk4CURc,47,Serenity
price_1Oy2K2LBvFqep6zQQ35IkPf1,46,Serenity
price_1Oy2K1LBvFqep6zQvIZDg18D,45,Serenity
price_1Oy2K1LBvFqep6zQUehlIqED,44,Serenity
price_1Oy2K0LBvFqep6zQkORzeFqY,43,Serenity
price_1Oy2JzLBvFqep6zQlOWOEpug,42,Serenity
price_1Oy2JyLBvFqep6zQny93ED4w,41,Serenity
price_1Oy2JyLBvFqep6zQ6A7o2r55,40,Serenity
price_1Oy2JxLBvFqep6zQXtDVTBOV,39,Serenity
price_1Oy2JwLBvFqep6zQJOBQnkcX,38,Serenity
price_1Oy2JwLBvFqep6zQS0V53Xtu,37,Serenity
price_1Oy2JvLBvFqep6zQ90niQPu9,36,Serenity
price_1Oy2JuLBvFqep6zQMWlTpuAl,35,Serenity
price_1Oy2JtLBvFqep6zQQZN4pcNK,34,Serenity
price_1Oy2JtLBvFqep6zQ7B1J6gfV,33,Serenity
price_1Oy2JrLBvFqep6zQFzU9h9Rt,32,Serenity
price_1Oy2JrLBvFqep6zQqRoTmOsa,47,Doodle
price_1Oy2JqLBvFqep6zQWHZZe6ZK,46,Doodle
price_1Oy2JpLBvFqep6zQlHkmmkh8,45,Doodle
price_1Oy2JoLBvFqep6zQk1RdURPq,44,Doodle
price_1Oy2JoLBvFqep6zQ8MQ8zt5x,43,Doodle
price_1Oy2JnLBvFqep6zQjSoqlqKG,42,Doodle
price_1Oy2JmLBvFqep6zQg7lkPH34,41,Doodle
price_1Oy2JlLBvFqep6zQISP0gzuk,40,Doodle
price_1Oy2JlLBvFqep6zQImydiNFs,39,Doodle
price_1Oy2JkLBvFqep6zQ5wL4cdB1,38,Doodle
price_1Oy2JjLBvFqep6zQ7JUdPtR2,37,Doodle
price_1Oy2JiLBvFqep6zQe0yMU2QA,36,Doodle
price_1Oy2JiLBvFqep6zQvvkcjCV3,35,Doodle
price_1Oy2JhLBvFqep6zQKWbypqTg,34,Doodle
price_1Oy2JgLBvFqep6zQyJvzL8hl,33,Doodle
price_1Oy2JfLBvFqep6zQOjyD1gcJ,32,Doodle
price_1Oy2JeLBvFqep6zQVQwKFXz6,47,Cardinal
price_1Oy2JeLBvFqep6zQPuzV4NfH,46,Cardinal
price_1Oy2JdLBvFqep6zQcLZ58o0Z,45,Cardinal
price_1Oy2JcLBvFqep6zQgy9U5Usq,44,Cardinal
price_1Oy2JbLBvFqep6zQT8bMgXEL,43,Cardinal
price_1Oy2JbLBvFqep6zQT5VTIf3B,42,Cardinal
price_1Oy2JaLBvFqep6zQh0dsfbHx,41,Cardinal
price_1Oy2JZLBvFqep6zQziXkAcoN,40,Cardinal
price_1Oy2JYLBvFqep6zQ2hTAu7TB,39,Cardinal
price_1Oy2JYLBvFqep6zQ2k0uHgpD,38,Cardinal
price_1Oy2JXLBvFqep6zQ5yz0T54H,37,Cardinal
price_1Oy2JWLBvFqep6zQ8o5jOLXT,36,Cardinal
price_1Oy2JVLBvFqep6zQByUdHgR0,35,Cardinal
price_1Oy2JVLBvFqep6zQPegAe7iN,34,Cardinal
price_1Oy2JULBvFqep6zQRjbmUjVp,33,Cardinal
price_1Oy2JTLBvFqep6zQpehGeeXo,32,Cardinal
price_1Oy2JSLBvFqep6zQME9Ra3Xn,47,Carnation
price_1Oy2JRLBvFqep6zQezdHv5A9,46,Carnation
price_1Oy2JRLBvFqep6zQo9cOYTIg,45,Carnation
price_1Oy2JQLBvFqep6zQMPbnrMZT,44,Carnation
price_1Oy2JPLBvFqep6zQO9hyz8Vk,43,Carnation
price_1Oy2JOLBvFqep6zQhkZpRrQK,42,Carnation
price_1Oy2JNLBvFqep6zQSSoOlbG7,41,Carnation
price_1Oy2JNLBvFqep6zQ4QiZS0Ra,40,Carnation
price_1Oy2JMLBvFqep6zQIMIQcceZ,39,Carnation
price_1Oy2JLLBvFqep6zQImSypjL9,38,Carnation
price_1Oy2JKLBvFqep6zQ4VHrMzGN,37,Carnation
price_1Oy2JKLBvFqep6zQSyRHVzhu,36,Carnation
price_1Oy2JJLBvFqep6zQqfX3KeUv,35,Carnation
price_1Oy2JILBvFqep6zQMK1yHVg1,34,Carnation
price_1Oy2JHLBvFqep6zQY1SQ5iww,33,Carnation
price_1Oy2JGLBvFqep6zQkIxDnj4t,32,Carnation
price_1Oy2JGLBvFqep6zQSQ0cHNcD,47,Colibri
price_1Oy2JFLBvFqep6zQjtsu1Uqe,46,Colibri
price_1Oy2JELBvFqep6zQqYJZZGkx,45,Colibri
price_1Oy2JDLBvFqep6zQJJupkXLo,44,Colibri
price_1Oy2JDLBvFqep6zQ8jNIiQK5,43,Colibri
price_1Oy2JCLBvFqep6zQLVCVZc3f,42,Colibri
price_1Oy2JBLBvFqep6zQAGy5S0wt,41,Colibri
price_1Oy2JALBvFqep6zQExmDMbMp,40,Colibri
price_1Oy2JALBvFqep6zQ8HoVY1pa,39,Colibri
price_1Oy2J9LBvFqep6zQKzxErTjv,38,Colibri
price_1Oy2J8LBvFqep6zQrbRXA7dv,37,Colibri
price_1Oy2J8LBvFqep6zQVLGZoBTw,36,Colibri
price_1Oy2J7LBvFqep6zQFgw8GpQM,35,Colibri
price_1Oy2J6LBvFqep6zQ5u0W1TyJ,34,Colibri
price_1Oy2J5LBvFqep6zQemoumcO3,33,Colibri
price_1Oy2J4LBvFqep6zQdSwwoDLB,32,Colibri
price_1Oy2J4LBvFqep6zQreNF88eK,47,Red Eye
price_1Oy2J3LBvFqep6zQ66iW10H5,46,Red Eye
price_1Oy2J2LBvFqep6zQCUhrmNkA,45,Red Eye
price_1Oy2J2LBvFqep6zQY52i5uPP,44,Red Eye
price_1Oy2J1LBvFqep6zQJ9yPmIlA,43,Red Eye
price_1Oy2J0LBvFqep6zQFyC2XHeF,42,Red Eye
price_1Oy2IzLBvFqep6zQBBoJ6Cyx,41,Red Eye
price_1Oy2IzLBvFqep6zQdqHdXQPB,40,Red Eye
price_1Oy2IyLBvFqep6zQ67zBZKUN,39,Red Eye
price_1Oy2IxLBvFqep6zQgJwqvmOD,38,Red Eye
price_1Oy2IwLBvFqep6zQSBLXQxUx,37,Red Eye
price_1Oy2IwLBvFqep6zQa8Leskwf,36,Red Eye
price_1Oy2IvLBvFqep6zQeY2Yv8in,35,Red Eye
price_1Oy2IuLBvFqep6zQiC6hH58A,34,Red Eye
price_1Oy2ItLBvFqep6zQu6tb4ob0,33,Red Eye
price_1Oy2ItLBvFqep6zQRob3yrZL,32,Red Eye
price_1Oy2IsLBvFqep6zQ50vcVCEQ,47,Lily
price_1Oy2IrLBvFqep6zQM9OpXBVA,46,Lily
price_1Oy2IqLBvFqep6zQMhugHjoZ,45,Lily
price_1Oy2IqLBvFqep6zQBThGCKTy,44,Lily
price_1Oy2IpLBvFqep6zQic7aiYfx,43,Lily
price_1Oy2IoLBvFqep6zQdZHQJzEU,42,Lily
price_1Oy2IoLBvFqep6zQpc3fn7ty,41,Lily
price_1Oy2InLBvFqep6zQvxgg06lO,40,Lily
price_1Oy2ImLBvFqep6zQhIxdRN2A,39,Lily
price_1Oy2IlLBvFqep6zQjriTGjov,38,Lily
price_1Oy2IkLBvFqep6zQ2Pw3UWQK,37,Lily
price_1Oy2IkLBvFqep6zQ04FIet59,36,Lily
price_1Oy2IjLBvFqep6zQGmMZOaWc,35,Lily
price_1Oy2IiLBvFqep6zQcRvM3xiU,34,Lily
price_1Oy2IiLBvFqep6zQqDjlJzpP,33,Lily
price_1Oy2IhLBvFqep6zQBmkRAfCw,32,Lily
price_1Oy2IgLBvFqep6zQBrQ7voWz,47,Coca
price_1Oy2IfLBvFqep6zQt7x0IIoH,46,Coca
price_1Oy2IeLBvFqep6zQlV00yzH6,45,Coca
price_1Oy2IeLBvFqep6zQslCyF9B2,44,Coca
price_1Oy2IdLBvFqep6zQcq2F34jb,43,Coca
price_1Oy2IcLBvFqep6zQ7jbHDnkt,42,Coca
price_1Oy2IbLBvFqep6zQ7DXN89Zo,41,Coca
price_1Oy2IbLBvFqep6zQXL2NPFqg,40,Coca
price_1Oy2IaLBvFqep6zQSUrxiyWW,39,Coca
price_1Oy2IZLBvFqep6zQyg5d0VuQ,38,Coca
price_1Oy2IZLBvFqep6zQOC4sCqN2,37,Coca
price_1Oy2IYLBvFqep6zQzYmTrrVl,36,Coca
price_1Oy2IXLBvFqep6zQ1q0qgnMi,35,Coca
price_1Oy2IWLBvFqep6zQZjMgGjta,34,Coca
price_1Oy2IWLBvFqep6zQwO93Hh3U,33,Coca
price_1Oy2IVLBvFqep6zQtyN0x9hA,32,Coca
price_1Oy2IULBvFqep6zQ5CxbZSxv,47,Peacock
price_1Oy2ITLBvFqep6zQzFukGm8C,46,Peacock
price_1Oy2ITLBvFqep6zQT50jsj8h,45,Peacock
price_1Oy2ISLBvFqep6zQSmfPScbc,44,Peacock
price_1Oy2IRLBvFqep6zQJJg4n4Kx,43,Peacock
price_1Oy2IQLBvFqep6zQLfSRLjJO,42,Peacock
price_1Oy2IQLBvFqep6zQeNBkaSKY,41,Peacock
price_1Oy2IPLBvFqep6zQPDUSf2iz,40,Peacock
price_1Oy2IOLBvFqep6zQkONT0zMw,39,Peacock
price_1Oy2INLBvFqep6zQ4pyWUt6c,38,Peacock
price_1Oy2INLBvFqep6zQ9OFSanpQ,37,Peacock
price_1Oy2IMLBvFqep6zQL5yx3xUI,36,Peacock
price_1Oy2ILLBvFqep6zQaADQzNfO,35,Peacock
price_1Oy2IKLBvFqep6zQGxrPtu0V,34,Peacock
price_1Oy2IKLBvFqep6zQalweUIJg,33,Peacock
price_1Oy2IJLBvFqep6zQj1aIhlNy,32,Peacock
price_1Oy2IILBvFqep6zQ45lY2dgD,47,Rooibos
price_1Oy2IHLBvFqep6zQ9IW4N7oj,46,Rooibos
price_1Oy2IHLBvFqep6zQAqaZVqzZ,45,Rooibos
price_1Oy2IGLBvFqep6zQ5RdIPEZc,44,Rooibos
price_1Oy2IFLBvFqep6zQ7U93mT7E,43,Rooibos
price_1Oy2IELBvFqep6zQrQ2Agqqi,42,Rooibos
price_1Oy2IELBvFqep6zQcoj4nH0o,41,Rooibos
price_1Oy2IDLBvFqep6zQ8ID4DCtf,40,Rooibos
price_1Oy2ICLBvFqep6zQk5hYtQXE,39,Rooibos
price_1Oy2IBLBvFqep6zQgZFMSxjM,38,Rooibos
price_1Oy2IBLBvFqep6zQminJ1cXh,37,Rooibos
price_1Oy2IALBvFqep6zQgb5oFLHJ,36,Rooibos
price_1Oy2I9LBvFqep6zQF4Kxsomg,35,Rooibos
price_1Oy2I8LBvFqep6zQUF66SBhK,34,Rooibos
price_1Oy2I7LBvFqep6zQ9OfovoKW,33,Rooibos
price_1Oy2I7LBvFqep6zQk7i0Ex0M,32,Rooibos
price_1Oy2I6LBvFqep6zQBxOObJ1t,47,Estrella
price_1Oy2I5LBvFqep6zQGkxrU9Yt,46,Estrella
price_1Oy2I4LBvFqep6zQ4RU9WrYU,45,Estrella
price_1Oy2I4LBvFqep6zQNBZl4UAj,44,Estrella
price_1Oy2I3LBvFqep6zQDpTRodhL,43,Estrella
price_1Oy2I2LBvFqep6zQpDYiw6ip,42,Estrella
price_1Oy2I1LBvFqep6zQkgLNZFVC,41,Estrella
price_1Oy2I1LBvFqep6zQYZS1dsap,40,Estrella
price_1Oy2I0LBvFqep6zQ6SYVYXNd,39,Estrella
price_1Oy2HzLBvFqep6zQg3Sp6MOP,38,Estrella
price_1Oy2HyLBvFqep6zQxZrRedvU,37,Estrella
price_1Oy2HxLBvFqep6zQCBY94Z3Z,36,Estrella
price_1Oy2HxLBvFqep6zQvz5dueaa,35,Estrella
price_1Oy2HwLBvFqep6zQJGu6h9CC,34,Estrella
price_1Oy2HvLBvFqep6zQ5jau9U8T,33,Estrella
price_1Oy2HuLBvFqep6zQpb1VWG24,32,Estrella
price_1Oy2HuLBvFqep6zQmLrYVZVz,47,Daisy
price_1Oy2HtLBvFqep6zQvnbAu6Rv,46,Daisy
price_1Oy2HsLBvFqep6zQxDPlFCSb,45,Daisy
price_1Oy2HrLBvFqep6zQ7gtdhH6j,44,Daisy
price_1Oy2HrLBvFqep6zQ3g86IqD0,43,Daisy
price_1Oy2HqLBvFqep6zQQSzwDav1,42,Daisy
price_1Oy2HpLBvFqep6zQN1KePjJX,41,Daisy
price_1Oy2HoLBvFqep6zQYnojlWnQ,40,Daisy
price_1Oy2HnLBvFqep6zQQfO6reRJ,39,Daisy
price_1Oy2HnLBvFqep6zQSoLIw5jO,38,Daisy
price_1Oy2HmLBvFqep6zQFOu1pSEF,37,Daisy
price_1Oy2HlLBvFqep6zQjkgfcBS1,36,Daisy
price_1Oy2HkLBvFqep6zQHAg4gGiA,35,Daisy
price_1Oy2HkLBvFqep6zQSj0jmply,34,Daisy
price_1Oy2HjLBvFqep6zQnsg0v3fU,33,Daisy
price_1Oy2HiLBvFqep6zQ5VxQbJgR,32,Daisy
price_1Oy2HhLBvFqep6zQKj1YKjnP,47,Sol Y Luna
price_1Oy2HgLBvFqep6zQaAmB9F4L,46,Sol Y Luna
price_1Oy2HfLBvFqep6zQcgOBrijo,45,Sol Y Luna
price_1Oy2HfLBvFqep6zQlcQLKPQr,44,Sol Y Luna
price_1Oy2HeLBvFqep6zQW6vb4rZS,43,Sol Y Luna
price_1Oy2HdLBvFqep6zQvm6MKITd,42,Sol Y Luna
price_1Oy2HcLBvFqep6zQhaYSGuxL,41,Sol Y Luna
price_1Oy2HcLBvFqep6zQQzrkHrrv,40,Sol Y Luna
price_1Oy2HbLBvFqep6zQ8KwODGWo,39,Sol Y Luna
price_1Oy2HaLBvFqep6zQVwMyNDkx,38,Sol Y Luna
price_1Oy2HZLBvFqep6zQbWPWm9o3,37,Sol Y Luna
price_1Oy2HYLBvFqep6zQ2OYg3D4k,36,Sol Y Luna
price_1Oy2HYLBvFqep6zQo5SV2AId,35,Sol Y Luna
price_1Oy2HXLBvFqep6zQw9CDkn6U,34,Sol Y Luna
price_1Oy2HWLBvFqep6zQKsAPlmze,33,Sol Y Luna
price_1Oy2HVLBvFqep6zQBIXSkLqD,32,Sol Y Luna
price_1Oy2HVLBvFqep6zQiUToxQkY,47,Flower Power
price_1Oy2HULBvFqep6zQmHIYzcYk,46,Flower Power
price_1Oy2HTLBvFqep6zQ46GFB3gF,45,Flower Power
price_1Oy2HSLBvFqep6zQAGva3pjw,44,Flower Power
price_1Oy2HRLBvFqep6zQwsErGvnC,43,Flower Power
price_1Oy2HRLBvFqep6zQp5f3vf4v,42,Flower Power
price_1Oy2HQLBvFqep6zQUNIEh1rT,41,Flower Power
price_1Oy2HPLBvFqep6zQ29GD8wyr,40,Flower Power
price_1Oy2HOLBvFqep6zQTxoxXjC0,39,Flower Power
price_1Oy2HNLBvFqep6zQpFV4eUdS,38,Flower Power
price_1Oy2HNLBvFqep6zQ8BNqZTzY,37,Flower Power
price_1Oy2HMLBvFqep6zQgP4NECcW,36,Flower Power
price_1Oy2HLLBvFqep6zQc5meZcad,35,Flower Power
price_1Oy2HKLBvFqep6zQWv41xaHr,34,Flower Power
price_1Oy2HKLBvFqep6zQr4zuV8Th,33,Flower Power
price_1Oy2HJLBvFqep6zQ1XpuSOhy,32,Flower Power
price_1Oy2HILBvFqep6zQKK9e6eOG,47,Sidewinder
price_1Oy2HHLBvFqep6zQr9bjuAgf,46,Sidewinder
price_1Oy2HGLBvFqep6zQHxgFm3Kf,45,Sidewinder
price_1Oy2HGLBvFqep6zQfMY5HYCn,44,Sidewinder
price_1Oy2HFLBvFqep6zQpC8eZExZ,43,Sidewinder
price_1Oy2HELBvFqep6zQhgyvR47p,42,Sidewinder
price_1Oy2HDLBvFqep6zQvpZp4IM4,41,Sidewinder
price_1Oy2HCLBvFqep6zQZa0G9klW,40,Sidewinder
price_1Oy2HCLBvFqep6zQ5exy5oG2,39,Sidewinder
price_1Oy2HBLBvFqep6zQNesfdVGF,38,Sidewinder
price_1Oy2HALBvFqep6zQ1h8BM335,37,Sidewinder
price_1Oy2H9LBvFqep6zQMzsPSVe4,36,Sidewinder
price_1Oy2H9LBvFqep6zQ2RqRt6L6,35,Sidewinder
price_1Oy2H8LBvFqep6zQwEbIniSS,34,Sidewinder
price_1Oy2H7LBvFqep6zQiw5wvRaI,33,Sidewinder
price_1Oy2H6LBvFqep6zQAi572pi6,32,Sidewinder
price_1Oy2H6LBvFqep6zQyntLZO4t,47,Amaranth
price_1Oy2H5LBvFqep6zQUULSTM9p,46,Amaranth
price_1Oy2H4LBvFqep6zQPsmGZH9H,45,Amaranth
price_1Oy2H3LBvFqep6zQy4HKdXE5,44,Amaranth
price_1Oy2H2LBvFqep6zQzMSU0x6w,43,Amaranth
price_1Oy2H2LBvFqep6zQ8APHAi2h,42,Amaranth
price_1Oy2H1LBvFqep6zQgLw5oZWv,41,Amaranth
price_1Oy2H0LBvFqep6zQKYHIBnb8,40,Amaranth
price_1Oy2GzLBvFqep6zQpSpuHyMR,39,Amaranth
price_1Oy2GzLBvFqep6zQvYoloYuk,38,Amaranth
price_1Oy2GyLBvFqep6zQK2i2auLW,37,Amaranth
price_1Oy2GxLBvFqep6zQQ6kYtEYX,36,Amaranth
price_1Oy2GwLBvFqep6zQVYKKGTu7,35,Amaranth
price_1Oy2GwLBvFqep6zQzf1ViePC,34,Amaranth
price_1Oy2GvLBvFqep6zQveBl4qyE,33,Amaranth
price_1Oy2GuLBvFqep6zQoUCpzowr,32,Amaranth
price_1Oy2GtLBvFqep6zQqtTETA3z,47,Albatross
price_1Oy2GtLBvFqep6zQxZlVeTLX,46,Albatross
price_1Oy2GsLBvFqep6zQJ9cCBX7O,45,Albatross
price_1Oy2GrLBvFqep6zQf4dEs3gC,44,Albatross
price_1Oy2GqLBvFqep6zQhugPNqiC,43,Albatross
price_1Oy2GqLBvFqep6zQGXgexqhU,42,Albatross
price_1Oy2GpLBvFqep6zQt5ttva6h,41,Albatross
price_1Oy2GoLBvFqep6zQLhfyS8po,40,Albatross
price_1Oy2GnLBvFqep6zQp5FEaCQ6,39,Albatross
price_1Oy2GnLBvFqep6zQcVgq99WC,38,Albatross
price_1Oy2GmLBvFqep6zQm30VN4u9,37,Albatross
price_1Oy2GlLBvFqep6zQVTx1JcdT,36,Albatross
price_1Oy2GkLBvFqep6zQnShGLISO,35,Albatross
price_1Oy2GkLBvFqep6zQYw8HtcLw,34,Albatross
price_1Oy2GjLBvFqep6zQ9i0YZtlf,33,Albatross
price_1Oy2GiLBvFqep6zQQVo1yjwi,32,Albatross
price_1Oy2GhLBvFqep6zQIGw1dgeD,47,Starflower
price_1Oy2GhLBvFqep6zQ1aYBSRGD,46,Starflower
price_1Oy2GgLBvFqep6zQG9A466ra,45,Starflower
price_1Oy2GfLBvFqep6zQEtvj2b6M,44,Starflower
price_1Oy2GeLBvFqep6zQ2RGXylyk,43,Starflower
price_1Oy2GeLBvFqep6zQZfmaezKQ,42,Starflower
price_1Oy2GdLBvFqep6zQCyWhuqdH,41,Starflower
price_1Oy2GcLBvFqep6zQMqcWcUYw,40,Starflower
price_1Oy2GcLBvFqep6zQSNzkvQz5,39,Starflower
price_1Oy2GbLBvFqep6zQH1uRVI8I,38,Starflower
price_1Oy2GaLBvFqep6zQ85JSbiYH,37,Starflower
price_1Oy2GZLBvFqep6zQqPQ8lNzA,36,Starflower
price_1Oy2GZLBvFqep6zQneS6rzrF,35,Starflower
price_1Oy2GYLBvFqep6zQWDgFdZ8H,34,Starflower
price_1Oy2GXLBvFqep6zQw7v2rKVQ,33,Starflower
price_1Oy2GWLBvFqep6zQWbD5MAwN,32,Starflower
price_1Oy2GWLBvFqep6zQQdBBwX6R,47,Zig
price_1Oy2GVLBvFqep6zQ8OHugP80,46,Zig
price_1Oy2GULBvFqep6zQaLfknmfI,45,Zig
price_1Oy2GTLBvFqep6zQTMOmmWkX,44,Zig
price_1Oy2GTLBvFqep6zQovAkxBiC,43,Zig
price_1Oy2GSLBvFqep6zQ8jQpVuVS,42,Zig
price_1Oy2GRLBvFqep6zQFf14zi7y,41,Zig
price_1Oy2GQLBvFqep6zQQQNTeZ7N,40,Zig
price_1Oy2GQLBvFqep6zQm1ZbpvPr,39,Zig
price_1Oy2GPLBvFqep6zQPaCNg1J8,38,Zig
price_1Oy2GOLBvFqep6zQ2TCHefA7,37,Zig
price_1Oy2GOLBvFqep6zQZqb9YV7I,36,Zig
price_1Oy2GNLBvFqep6zQcZom7hVr,35,Zig
price_1Oy2GMLBvFqep6zQndULXjIy,34,Zig
price_1Oy2GLLBvFqep6zQzRNQtBSw,33,Zig
price_1Oy2GLLBvFqep6zQZVTw25A7,32,Zig
price_1Oy2GKLBvFqep6zQ4ei44Z7F,47,Thicket
price_1Oy2GJLBvFqep6zQSz1snmRq,46,Thicket
price_1Oy2GILBvFqep6zQbK219yrM,45,Thicket
price_1Oy2GILBvFqep6zQ2lUOgk3v,44,Thicket
price_1Oy2GHLBvFqep6zQIjDNNCl6,43,Thicket
price_1Oy2GGLBvFqep6zQSKNNKvRl,42,Thicket
price_1Oy2GFLBvFqep6zQjdgpvdfb,41,Thicket
price_1Oy2GFLBvFqep6zQommCKmHe,40,Thicket
price_1Oy2GELBvFqep6zQAgRnJJhk,39,Thicket
price_1Oy2GDLBvFqep6zQNqt5puoS,38,Thicket
price_1Oy2GCLBvFqep6zQQOMXUKBF,37,Thicket
price_1Oy2GCLBvFqep6zQDfgTdKbJ,36,Thicket
price_1Oy2GBLBvFqep6zQvjXnaayF,35,Thicket
price_1Oy2GALBvFqep6zQBPkBpldZ,34,Thicket
price_1Oy2GALBvFqep6zQwYvaHoxd,33,Thicket
price_1Oy2G9LBvFqep6zQvX2A1ljp,32,Thicket
price_1Oy2G8LBvFqep6zQD2nJxbSM,47,Fuego
price_1Oy2G7LBvFqep6zQTj1He6BP,46,Fuego
price_1Oy2G7LBvFqep6zQ5j3WjNfX,45,Fuego
price_1Oy2G6LBvFqep6zQUJOqwZCt,44,Fuego
price_1Oy2G5LBvFqep6zQlUn0PxCW,43,Fuego
price_1Oy2G4LBvFqep6zQIrjOpPqI,42,Fuego
price_1Oy2G4LBvFqep6zQLqqgsvZI,41,Fuego
price_1Oy2G3LBvFqep6zQ5M2EieGs,40,Fuego
price_1Oy2G2LBvFqep6zQN6g6fEbu,39,Fuego
price_1Oy2G2LBvFqep6zQPsKxvIX4,38,Fuego
price_1Oy2G1LBvFqep6zQrcbBcQGp,37,Fuego
price_1Oy2G0LBvFqep6zQ24QSflYG,36,Fuego
price_1Oy2FzLBvFqep6zQCzVyoghj,35,Fuego
price_1Oy2FzLBvFqep6zQ7knGaPQT,34,Fuego
price_1Oy2FyLBvFqep6zQyVDltBCq,33,Fuego
price_1Oy2FxLBvFqep6zQ2UL4QZmy,32,Fuego
price_1Oy2FwLBvFqep6zQOdWNAOAK,47,Stash
price_1Oy2FwLBvFqep6zQ6LGgckrJ,46,Stash
price_1Oy2FvLBvFqep6zQEm63oUuu,45,Stash
price_1Oy2FuLBvFqep6zQASz44mWi,44,Stash
price_1Oy2FuLBvFqep6zQVQiRm4Lc,43,Stash
price_1Oy2FtLBvFqep6zQoZR25AH5,42,Stash
price_1Oy2FsLBvFqep6zQrAGlskfK,41,Stash
price_1Oy2FrLBvFqep6zQnfSx729E,40,Stash
price_1Oy2FrLBvFqep6zQGdU4DwQc,39,Stash
price_1Oy2FqLBvFqep6zQw5lvD0Jh,38,Stash
price_1Oy2FpLBvFqep6zQm6GH674R,37,Stash
price_1Oy2FoLBvFqep6zQb64ZyJk6,36,Stash
price_1Oy2FoLBvFqep6zQqUCymzEC,35,Stash
price_1Oy2FnLBvFqep6zQtzSLmxqy,34,Stash
price_1Oy2FmLBvFqep6zQyKAzvU1t,33,Stash
price_1Oy2FlLBvFqep6zQdo5OVJlR,32,Stash
price_1Oy2FlLBvFqep6zQFFHiswYh,47,Cloud Break
price_1Oy2FkLBvFqep6zQOQYiReK0,46,Cloud Break
price_1Oy2FjLBvFqep6zQksbne3za,45,Cloud Break
price_1Oy2FiLBvFqep6zQZYZ9xV0C,44,Cloud Break
price_1Oy2FiLBvFqep6zQ8WQ3ZZtO,43,Cloud Break
price_1Oy2FhLBvFqep6zQgvmijMqA,42,Cloud Break
price_1Oy2FgLBvFqep6zQfF4KH6aE,41,Cloud Break
price_1Oy2FfLBvFqep6zQ6OQz6Jov,40,Cloud Break
price_1Oy2FfLBvFqep6zQ5ItZ26D2,39,Cloud Break
price_1Oy2FeLBvFqep6zQvT821lgU,38,Cloud Break
price_1Oy2FdLBvFqep6zQaZMQ8ZgI,37,Cloud Break
price_1Oy2FcLBvFqep6zQonE23dyU,36,Cloud Break
price_1Oy2FcLBvFqep6zQibG3jToJ,35,Cloud Break
price_1Oy2FbLBvFqep6zQ9JNsdcQh,34,Cloud Break
price_1Oy2FaLBvFqep6zQdgJWhXDm,33,Cloud Break
price_1Oy2FaLBvFqep6zQVSJz8goE,32,Cloud Break
price_1Oy2FZLBvFqep6zQds3IjYZz,47,Argile
price_1Oy2FYLBvFqep6zQtWd1n8gQ,46,Argile
price_1Oy2FXLBvFqep6zQKLiTAhMd,45,Argile
price_1Oy2FXLBvFqep6zQqb4Yzkfo,44,Argile
price_1Oy2FWLBvFqep6zQrLlF3HAC,43,Argile
price_1Oy2FVLBvFqep6zQrXr0yXOE,42,Argile
price_1Oy2FULBvFqep6zQmizUuDn4,41,Argile
price_1Oy2FULBvFqep6zQ9E1yNNFZ,40,Argile
price_1Oy2FTLBvFqep6zQa5atPuVf,39,Argile
price_1Oy2FSLBvFqep6zQdik45pnQ,38,Argile
price_1Oy2FSLBvFqep6zQ4RXFQnQy,37,Argile
price_1Oy2FRLBvFqep6zQ18fT996t,36,Argile
price_1Oy2FQLBvFqep6zQEWAG2f5h,35,Argile
price_1Oy2FPLBvFqep6zQODIIE0iw,34,Argile
price_1Oy2FPLBvFqep6zQzJ6Jmbks,33,Argile
price_1Oy2FOLBvFqep6zQGVBTitfc,32,Argile
price_1Oy2FNLBvFqep6zQnT5mKyNm,47,Camel
price_1Oy2FMLBvFqep6zQGLtXLmpR,46,Camel
price_1Oy2FMLBvFqep6zQSvZ3IJMu,45,Camel
price_1Oy2FLLBvFqep6zQzJafcXpN,44,Camel
price_1Oy2FKLBvFqep6zQNQy4CP1h,43,Camel
price_1Oy2FKLBvFqep6zQeFuBOdTh,42,Camel
price_1Oy2FJLBvFqep6zQ6fX7ETh5,41,Camel
price_1Oy2FILBvFqep6zQm4A3PBgM,40,Camel
price_1Oy2FHLBvFqep6zQO0TdTkG6,39,Camel
price_1Oy2FHLBvFqep6zQG1ZH0d0Y,38,Camel
price_1Oy2FGLBvFqep6zQCNxS7uzq,37,Camel
price_1Oy2FFLBvFqep6zQH8Qxrcx2,36,Camel
price_1Oy2FELBvFqep6zQ4y2gH2Oj,35,Camel
price_1Oy2FELBvFqep6zQNM09NpgZ,34,Camel
price_1Oy2FDLBvFqep6zQZNMKCXGP,33,Camel
price_1Oy2FCLBvFqep6zQLU8kNagy,32,Camel
price_1Oy2FBLBvFqep6zQ3Q62ZTJL,47,Nazca
price_1Oy2FBLBvFqep6zQtxrNqa24,46,Nazca
price_1Oy2FALBvFqep6zQJ2BVkR6W,45,Nazca
price_1Oy2F9LBvFqep6zQnrGQDpMZ,44,Nazca
price_1Oy2F8LBvFqep6zQs0Yb7Ib9,43,Nazca
price_1Oy2F8LBvFqep6zQnBcibBjQ,42,Nazca
price_1Oy2F7LBvFqep6zQ2G77Rqcd,41,Nazca
price_1Oy2F6LBvFqep6zQavFLhidF,40,Nazca
price_1Oy2F6LBvFqep6zQFaO4qdhJ,39,Nazca
price_1Oy2F5LBvFqep6zQVgHq0zH8,38,Nazca
price_1Oy2F4LBvFqep6zQmlaICsmx,37,Nazca
price_1Oy2F3LBvFqep6zQQYXJINke,36,Nazca
price_1Oy2F3LBvFqep6zQbBmNcC6v,35,Nazca
price_1Oy2F2LBvFqep6zQ8mUWJBnI,34,Nazca
price_1Oy2F1LBvFqep6zQLMQInqF3,33,Nazca
price_1Oy2F0LBvFqep6zQobJGTEsy,32,Nazca
price_1Oy2F0LBvFqep6zQ19zl7JHl,47,Anaconda Dreams
price_1Oy2EzLBvFqep6zQQkYVLgzt,46,Anaconda Dreams
price_1Oy2EyLBvFqep6zQnCS1puVP,45,Anaconda Dreams
price_1Oy2EyLBvFqep6zQqwC97wbP,44,Anaconda Dreams
price_1Oy2ExLBvFqep6zQhek9wyP2,43,Anaconda Dreams
price_1Oy2EwLBvFqep6zQfzc0DnzX,42,Anaconda Dreams
price_1Oy2EvLBvFqep6zQ4DPUIUB4,41,Anaconda Dreams
price_1Oy2EvLBvFqep6zQyxYWsFAG,40,Anaconda Dreams
price_1Oy2EuLBvFqep6zQ2V7To68f,39,Anaconda Dreams
price_1Oy2EtLBvFqep6zQGTZrclOQ,38,Anaconda Dreams
price_1Oy2EsLBvFqep6zQwZEW5YdC,37,Anaconda Dreams
price_1Oy2EsLBvFqep6zQRojhw41Z,36,Anaconda Dreams
price_1Oy2ErLBvFqep6zQAH6Vz3BZ,35,Anaconda Dreams
price_1Oy2EqLBvFqep6zQcdEYs83s,34,Anaconda Dreams
price_1Oy2EqLBvFqep6zQVtUatqy2,33,Anaconda Dreams
price_1Oy2EpLBvFqep6zQhPO7TfsX,32,Anaconda Dreams
price_1Oy2EoLBvFqep6zQLlrcQga6,47,Superb
price_1Oy2EnLBvFqep6zQgdJyvcpl,46,Superb
price_1Oy2EmLBvFqep6zQlTOmKs7B,45,Superb
price_1Oy2EmLBvFqep6zQwx3a4sX7,44,Superb
price_1Oy2ElLBvFqep6zQBBVBH1wd,43,Superb
price_1Oy2EkLBvFqep6zQ7e5GyKC9,42,Superb
price_1Oy2EkLBvFqep6zQpFRnWVaT,41,Superb
price_1Oy2EjLBvFqep6zQX0H2nEt1,40,Superb
price_1Oy2EiLBvFqep6zQAwATnsQD,39,Superb
price_1Oy2EhLBvFqep6zQn8Fdwn7U,38,Superb
price_1Oy2EgLBvFqep6zQcEQDuy2E,37,Superb
price_1Oy2EgLBvFqep6zQhieqJobd,36,Superb
price_1Oy2EfLBvFqep6zQkHMc35LN,35,Superb
price_1Oy2EeLBvFqep6zQzf6mDpXC,34,Superb
price_1Oy2EdLBvFqep6zQZ6mHkhKJ,33,Superb
price_1Oy2EcLBvFqep6zQKF97EBDI,32,Superb
price_1Oy2EcLBvFqep6zQhphaCkXN,47,Granite
price_1Oy2EbLBvFqep6zQHnerNSO2,46,Granite
price_1Oy2EaLBvFqep6zQnfIFnqev,45,Granite
price_1Oy2EZLBvFqep6zQHzE1SDQo,44,Granite
price_1Oy2EYLBvFqep6zQX48A2Vcf,43,Granite
price_1Oy2EYLBvFqep6zQjAk7hJ34,42,Granite
price_1Oy2EXLBvFqep6zQrlBo4tff,41,Granite
price_1Oy2EWLBvFqep6zQMRQqknTf,40,Granite
price_1Oy2EWLBvFqep6zQt7HGBxva,39,Granite
price_1Oy2EVLBvFqep6zQeA2tPrfU,38,Granite
price_1Oy2EULBvFqep6zQoKohtPjU,37,Granite
price_1Oy2ETLBvFqep6zQofbtJn2J,36,Granite
price_1Oy2ETLBvFqep6zQY5AYWpUZ,35,Granite
price_1Oy2ESLBvFqep6zQEu3CXXn3,34,Granite
price_1Oy2ERLBvFqep6zQNihaZVlP,33,Granite
price_1Oy2ERLBvFqep6zQ8r80g01A,32,Granite
price_1Oy2EQLBvFqep6zQVf88F0yp,47,Hunter
price_1Oy2EPLBvFqep6zQVFVpxW8D,46,Hunter
price_1Oy2EOLBvFqep6zQyOROxvd6,45,Hunter
price_1Oy2EOLBvFqep6zQrO4m1yCE,44,Hunter
price_1Oy2ENLBvFqep6zQhIraxiZ5,43,Hunter
price_1Oy2EMLBvFqep6zQZ7gKd9SN,42,Hunter
price_1Oy2EMLBvFqep6zQUG6FfJe4,41,Hunter
price_1Oy2ELLBvFqep6zQopUAdaP1,40,Hunter
price_1Oy2EKLBvFqep6zQr9tBgy1F,39,Hunter
price_1Oy2EJLBvFqep6zQNUjM0Hpp,38,Hunter
price_1Oy2EJLBvFqep6zQg4Y9IWwz,37,Hunter
price_1Oy2EILBvFqep6zQM2oENsQP,36,Hunter
price_1Oy2EHLBvFqep6zQdu1F0K2m,35,Hunter
price_1Oy2EHLBvFqep6zQP94tsb4B,34,Hunter
price_1Oy2EGLBvFqep6zQG16HdUSG,33,Hunter
price_1Oy2EFLBvFqep6zQen9u52Dq,32,Hunter
price_1Oy2EELBvFqep6zQVRtlSN6r,47,Ice Born
price_1Oy2EELBvFqep6zQY7LrZU0R,46,Ice Born
price_1Oy2EDLBvFqep6zQW9eVn1uE,45,Ice Born
price_1Oy2ECLBvFqep6zQFpwjvp3c,44,Ice Born
price_1Oy2EBLBvFqep6zQEf7Zbee2,43,Ice Born
price_1Oy2EBLBvFqep6zQIgjiDP2W,42,Ice Born
price_1Oy2EALBvFqep6zQWj9OE5ZW,41,Ice Born
price_1Oy2E9LBvFqep6zQAnRvYZvP,40,Ice Born
price_1Oy2E8LBvFqep6zQOSoXaXAU,39,Ice Born
price_1Oy2E8LBvFqep6zQKQz6VkXf,38,Ice Born
price_1Oy2E7LBvFqep6zQ7lqzrJj2,37,Ice Born
price_1Oy2E6LBvFqep6zQdwqlFMeu,36,Ice Born
price_1Oy2E5LBvFqep6zQlFgAevCr,35,Ice Born
price_1Oy2E5LBvFqep6zQIROqcu99,34,Ice Born
price_1Oy2E4LBvFqep6zQ29Be7FCI,33,Ice Born
price_1Oy2E3LBvFqep6zQgK9E0uLJ,32,Ice Born
price_1Oy2E2LBvFqep6zQdlfgDbhs,47,Storm
price_1Oy2E2LBvFqep6zQJIrSr7I0,46,Storm
price_1Oy2E1LBvFqep6zQyRUKrlRM,45,Storm
price_1Oy2E0LBvFqep6zQWzRCwDM9,44,Storm
price_1Oy2DzLBvFqep6zQNPzLDnWa,43,Storm
price_1Oy2DzLBvFqep6zQgr64chp6,42,Storm
price_1Oy2DyLBvFqep6zQ9St2vCgQ,41,Storm
price_1Oy2DxLBvFqep6zQCzhaozxa,40,Storm
price_1Oy2DwLBvFqep6zQz2O7nZ9o,39,Storm
price_1Oy2DvLBvFqep6zQoYQ0PFBo,38,Storm
price_1Oy2DvLBvFqep6zQysjJD6DM,37,Storm
price_1Oy2DuLBvFqep6zQ82974FEv,36,Storm
price_1Oy2DtLBvFqep6zQNjABrakj,35,Storm
price_1Oy2DsLBvFqep6zQ3P4wDBpk,34,Storm
price_1Oy2DrLBvFqep6zQ5aCcFfgC,33,Storm
price_1Oy2DrLBvFqep6zQ4wTuMoDl,32,Storm
price_1Oy2DqLBvFqep6zQLKNkaoY4,47,Snow Leopard
price_1Oy2DpLBvFqep6zQ1Xg785zb,46,Snow Leopard
price_1Oy2DoLBvFqep6zQdK1N9myU,45,Snow Leopard
price_1Oy2DoLBvFqep6zQxCxrF3aa,44,Snow Leopard
price_1Oy2DnLBvFqep6zQWlCM7Nwg,43,Snow Leopard
price_1Oy2DmLBvFqep6zQZsDP9abC,42,Snow Leopard
price_1Oy2DlLBvFqep6zQioWE5jKd,41,Snow Leopard
price_1Oy2DlLBvFqep6zQNTGkchFM,40,Snow Leopard
price_1Oy2DkLBvFqep6zQjRDhVGz3,39,Snow Leopard
price_1Oy2DjLBvFqep6zQYqTOS0Q9,38,Snow Leopard
price_1Oy2DiLBvFqep6zQqasqr63n,37,Snow Leopard
price_1Oy2DhLBvFqep6zQodQwXkLS,36,Snow Leopard
price_1Oy2DhLBvFqep6zQ8dPAAZlF,35,Snow Leopard
price_1Oy2DgLBvFqep6zQ4uQoFy4C,34,Snow Leopard
price_1Oy2DfLBvFqep6zQPB3K2Xgf,33,Snow Leopard
price_1Oy2DeLBvFqep6zQXopxjbEb,32,Snow Leopard
price_1Oy2DeLBvFqep6zQnfun8ooh,47,Equilibrium
price_1Oy2DdLBvFqep6zQDKcutN6G,46,Equilibrium
price_1Oy2DcLBvFqep6zQY1q9PxiG,45,Equilibrium
price_1Oy2DbLBvFqep6zQMmm1Ghrq,44,Equilibrium
price_1Oy2DaLBvFqep6zQM3FItpOr,43,Equilibrium
price_1Oy2DaLBvFqep6zQ6lNIlEM9,42,Equilibrium
price_1Oy2DZLBvFqep6zQi7EPksmA,41,Equilibrium
price_1Oy2DYLBvFqep6zQk7kDf0OY,40,Equilibrium
price_1Oy2DXLBvFqep6zQG4LSEmpQ,39,Equilibrium
price_1Oy2DWLBvFqep6zQ4Rfpi4oB,38,Equilibrium
price_1Oy2DVLBvFqep6zQ3oHXxA3i,37,Equilibrium
price_1Oy2DVLBvFqep6zQrhCT78PM,36,Equilibrium
price_1Oy2DULBvFqep6zQU26AEMKY,35,Equilibrium
price_1Oy2DTLBvFqep6zQosvWFPZj,34,Equilibrium
price_1Oy2DSLBvFqep6zQc4JoF0Hb,33,Equilibrium
price_1Oy2DSLBvFqep6zQjD0QQrn2,32,Equilibrium
price_1Oy2DRLBvFqep6zQQkCIo84i,47,Forest
price_1Oy2DQLBvFqep6zQxx2Wqq7X,46,Forest
price_1Oy2DPLBvFqep6zQpDAAekb7,45,Forest
price_1Oy2DOLBvFqep6zQVo8ikXAM,44,Forest
price_1Oy2DOLBvFqep6zQ1oJOgmOv,43,Forest
price_1Oy2DNLBvFqep6zQGBfLXJGL,42,Forest
price_1Oy2DMLBvFqep6zQpJwYkFeU,41,Forest
price_1Oy2DLLBvFqep6zQsN4NFz1h,40,Forest
price_1Oy2DKLBvFqep6zQqCc0vZ0f,39,Forest
price_1Oy2DKLBvFqep6zQR1mJ9R2b,38,Forest
price_1Oy2DJLBvFqep6zQumqlgI5k,37,Forest
price_1Oy2DILBvFqep6zQ78cTprnl,36,Forest
price_1Oy2DHLBvFqep6zQU4xBthPk,35,Forest
price_1Oy2DHLBvFqep6zQXP1Q1CPE,34,Forest
price_1Oy2DGLBvFqep6zQAN1e0iEu,33,Forest
price_1Oy2DFLBvFqep6zQ6jlM0eBB,32,Forest
price_1Oy2DELBvFqep6zQ3EzPMqQ9,47,Pink Lazer
price_1Oy2DELBvFqep6zQL2nf6nYT,46,Pink Lazer
price_1Oy2DDLBvFqep6zQISJXIdcg,45,Pink Lazer
price_1Oy2DCLBvFqep6zQ6QU5jq6C,44,Pink Lazer
price_1Oy2DBLBvFqep6zQytJtCEcX,43,Pink Lazer
price_1Oy2DBLBvFqep6zQmusF1Ojo,42,Pink Lazer
price_1Oy2DALBvFqep6zQ3aUfwl07,41,Pink Lazer
price_1Oy2D9LBvFqep6zQgbdVJm4E,40,Pink Lazer
price_1Oy2D8LBvFqep6zQDPoH4oCz,39,Pink Lazer
price_1Oy2D7LBvFqep6zQpznOyP40,38,Pink Lazer
price_1Oy2D7LBvFqep6zQLcDNCaXq,37,Pink Lazer
price_1Oy2D6LBvFqep6zQ2vgohv7n,36,Pink Lazer
price_1Oy2D5LBvFqep6zQqtIYwVaj,35,Pink Lazer
price_1Oy2D4LBvFqep6zQ6jsAIbot,34,Pink Lazer
price_1Oy2D4LBvFqep6zQbP1Xss6x,33,Pink Lazer
price_1Oy2D3LBvFqep6zQ3yFkUb9F,32,Pink Lazer
price_1Oy2D2LBvFqep6zQ4s9YLwON,47,Chiri Unu
price_1Oy2D1LBvFqep6zQO3bG6Icq,46,Chiri Unu
price_1Oy2D1LBvFqep6zQzwQkPA9R,45,Chiri Unu
price_1Oy2D0LBvFqep6zQZRDJv1oz,44,Chiri Unu
price_1Oy2CzLBvFqep6zQPv6rUlIW,43,Chiri Unu
price_1Oy2CyLBvFqep6zQWfhckYbr,42,Chiri Unu
price_1Oy2CyLBvFqep6zQZdR0r03O,41,Chiri Unu
price_1Oy2CxLBvFqep6zQcAOTL0XR,40,Chiri Unu
price_1Oy2CwLBvFqep6zQvO5Ix3ae,39,Chiri Unu
price_1Oy2CwLBvFqep6zQGnEKLzN3,38,Chiri Unu
price_1Oy2CvLBvFqep6zQIYZnmRxf,37,Chiri Unu
price_1Oy2CuLBvFqep6zQzQWP12fR,36,Chiri Unu
price_1Oy2CtLBvFqep6zQkjKr1Rld,35,Chiri Unu
price_1Oy2CtLBvFqep6zQVGEgucO4,34,Chiri Unu
price_1Oy2CsLBvFqep6zQCTYgAnis,33,Chiri Unu
price_1Oy2CrLBvFqep6zQsHRT4kBw,32,Chiri Unu
price_1Oy2CqLBvFqep6zQTRDxHMhe,47,Whirlpool
price_1Oy2CqLBvFqep6zQZTYvD8fp,46,Whirlpool
price_1Oy2CpLBvFqep6zQH4yO0D79,45,Whirlpool
price_1Oy2CoLBvFqep6zQoVTldHFN,44,Whirlpool
price_1Oy2CoLBvFqep6zQrIPgI5sT,43,Whirlpool
price_1Oy2CnLBvFqep6zQazB2zwCZ,42,Whirlpool
price_1Oy2CmLBvFqep6zQ5fpugQkf,41,Whirlpool
price_1Oy2ClLBvFqep6zQhlb9EjD7,40,Whirlpool
price_1Oy2ClLBvFqep6zQqoE7EI0c,39,Whirlpool
price_1Oy2CkLBvFqep6zQTdTZkr6y,38,Whirlpool
price_1Oy2CjLBvFqep6zQcBGtt28V,37,Whirlpool
price_1Oy2CiLBvFqep6zQ5dr9z8Cq,36,Whirlpool
price_1Oy2CiLBvFqep6zQOtDeOhaz,35,Whirlpool
price_1Oy2ChLBvFqep6zQPjWM7cqX,34,Whirlpool
price_1Oy2CgLBvFqep6zQmjJ0MvQs,33,Whirlpool
price_1Oy2CfLBvFqep6zQZlZpNU1I,32,Whirlpool
price_1Oy2CfLBvFqep6zQ6evejIrr,47,Night
price_1Oy2CeLBvFqep6zQ8HwQXZ6m,46,Night
price_1Oy2CdLBvFqep6zQLCrfINlV,45,Night
price_1Oy2CdLBvFqep6zQ7tbjOKjh,44,Night
price_1Oy2CcLBvFqep6zQMfnQtQLt,43,Night
price_1Oy2CbLBvFqep6zQeuSfznbx,42,Night
price_1Oy2CaLBvFqep6zQp2of97SR,41,Night
price_1Oy2CaLBvFqep6zQOx8tekS7,40,Night
price_1Oy2CZLBvFqep6zQaSxRIDR5,39,Night
price_1Oy2CYLBvFqep6zQgyr3uQw4,38,Night
price_1Oy2CXLBvFqep6zQ1E1wNiaY,37,Night
price_1Oy2CXLBvFqep6zQLH854SzN,36,Night
price_1Oy2CWLBvFqep6zQGnSZ9X0e,35,Night
price_1Oy2CVLBvFqep6zQXueEbK55,34,Night
price_1Oy2CULBvFqep6zQCU15w2nu,33,Night
price_1Oy2CULBvFqep6zQ5hRtWNUS,32,Night
price_1Oy2CTLBvFqep6zQj4oIJOXC,47,Rumi
price_1Oy2CSLBvFqep6zQVL461aeo,46,Rumi
price_1Oy2CSLBvFqep6zQvNh76GPP,45,Rumi
price_1Oy2CRLBvFqep6zQoO3OX1f1,44,Rumi
price_1Oy2CQLBvFqep6zQRb5gsDII,43,Rumi
price_1Oy2CPLBvFqep6zQq5z2o6L1,42,Rumi
price_1Oy2CPLBvFqep6zQQ2R3Mdts,41,Rumi
price_1Oy2COLBvFqep6zQLyEzMSrB,40,Rumi
price_1Oy2CNLBvFqep6zQJ4WRgpEG,39,Rumi
price_1Oy2CMLBvFqep6zQBvNTRAt1,38,Rumi
price_1Oy2CMLBvFqep6zQyIFK8k4V,37,Rumi
price_1Oy2CLLBvFqep6zQYwRNkm2F,36,Rumi
price_1Oy2CKLBvFqep6zQ84ONdlBm,35,Rumi
price_1Oy2CJLBvFqep6zQtbMyQ0i5,34,Rumi
price_1Oy2CJLBvFqep6zQdh9yO3qh,33,Rumi
price_1Oy2CILBvFqep6zQ7UJTzgNE,32,Rumi
price_1Oy2CHLBvFqep6zQlk2JdtVp,47,Swirl
price_1Oy2CGLBvFqep6zQqHu83VVS,46,Swirl
price_1Oy2CGLBvFqep6zQQYU92Wzh,45,Swirl
price_1Oy2CFLBvFqep6zQBUNktI8O,44,Swirl
price_1Oy2CELBvFqep6zQCuhrs3G7,43,Swirl
price_1Oy2CELBvFqep6zQpMeKX7XF,42,Swirl
price_1Oy2CDLBvFqep6zQ08wLLcSN,41,Swirl
price_1Oy2CCLBvFqep6zQY2f25Tpq,40,Swirl
price_1Oy2CBLBvFqep6zQhC9Ixfqs,39,Swirl
price_1Oy2CBLBvFqep6zQtYmQvpYF,38,Swirl
price_1Oy2CALBvFqep6zQ1sncdojh,37,Swirl
price_1Oy2C9LBvFqep6zQKO5tYVyP,36,Swirl
price_1Oy2C8LBvFqep6zQs6qfZxyA,35,Swirl
price_1Oy2C8LBvFqep6zQq8v3yVuS,34,Swirl
price_1Oy2C7LBvFqep6zQGVRJ5QpD,33,Swirl
price_1Oy2C6LBvFqep6zQw92ZBibQ,32,Swirl
